intended_class,model,viewpoint,scored_coco_class,frames,gt_missing,det_rate_0.35_iou0.5,det_rate_0.25_iou0.5,max_conf,mean_conf,top_class_fired_iou50_ge0.25 (frames),pass_0.8
ball,ALL,oblique,sports ball,30,0,0.57,0.63,0.830,0.418,sports ball:19 orange:8 none:3,FAIL
ball,ALL,oblique_near,sports ball,30,0,0.57,0.63,0.877,0.366,sports ball:19 orange:10 none:1,FAIL
ball,ALL,top,sports ball,30,0,0.83,0.87,0.799,0.507,sports ball:24 orange:4 none:2,PASS
ball,ALL,top_near,sports ball,30,0,0.80,0.83,0.961,0.587,sports ball:25 orange:4 none:1,PASS
ball,cricket_ball,oblique,sports ball,10,0,1.00,1.00,0.830,0.759,sports ball:10,PASS
ball,cricket_ball,oblique_near,sports ball,10,0,1.00,1.00,0.877,0.671,sports ball:10,PASS
ball,cricket_ball,top,sports ball,10,0,0.80,0.80,0.721,0.463,sports ball:8 none:2,PASS
ball,cricket_ball,top_near,sports ball,10,0,1.00,1.00,0.961,0.866,sports ball:10,PASS
ball,robocup_3Dsim_ball,oblique,sports ball,10,0,0.50,0.70,0.726,0.394,sports ball:7 none:3,FAIL
ball,robocup_3Dsim_ball,oblique_near,sports ball,10,0,0.70,0.90,0.613,0.427,sports ball:9 none:1,FAIL
ball,robocup_3Dsim_ball,top,sports ball,10,0,0.90,1.00,0.799,0.686,sports ball:10,PASS
ball,robocup_3Dsim_ball,top_near,sports ball,10,0,0.80,0.90,0.727,0.487,sports ball:9 none:1,PASS
ball,robocup_spl_ball,oblique,sports ball,10,0,0.20,0.20,0.510,0.100,orange:8 sports ball:2,FAIL
ball,robocup_spl_ball,oblique_near,sports ball,10,0,0.00,0.00,0.000,0.000,orange:10,FAIL
ball,robocup_spl_ball,top,sports ball,10,0,0.80,0.80,0.642,0.373,sports ball:6 orange:4,PASS
ball,robocup_spl_ball,top_near,sports ball,10,0,0.60,0.60,0.667,0.408,sports ball:6 orange:4,FAIL
bottle,ALL,oblique,bottle,20,0,0.70,0.85,0.731,0.479,bottle:17 none:2 parking meter:1,FAIL
bottle,ALL,oblique_near,bottle,20,0,0.50,0.60,0.814,0.365,bottle:12 vase:4 cup:2 banana:1 none:1,FAIL
bottle,ALL,top,bottle,20,0,0.00,0.00,0.000,0.000,none:19 frisbee:1,FAIL
bottle,ALL,top_near,bottle,20,0,0.00,0.00,0.000,0.000,none:13 sports ball:4 frisbee:1 remote:1 kite:1,FAIL
bottle,beer,oblique,bottle,10,0,0.60,0.70,0.722,0.416,bottle:7 none:2 parking meter:1,FAIL
bottle,beer,oblique_near,bottle,10,0,0.20,0.40,0.421,0.183,bottle:4 vase:3 cup:2 none:1,FAIL
bottle,beer,top,bottle,10,0,0.00,0.00,0.000,0.000,none:10,FAIL
bottle,beer,top_near,bottle,10,0,0.00,0.00,0.000,0.000,none:8 sports ball:1 kite:1,FAIL
bottle,mustard_bottle,oblique,bottle,10,0,0.80,1.00,0.731,0.542,bottle:10,PASS
bottle,mustard_bottle,oblique_near,bottle,10,0,0.80,0.80,0.814,0.546,bottle:8 vase:1 banana:1,PASS
bottle,mustard_bottle,top,bottle,10,0,0.00,0.00,0.000,0.000,none:9 frisbee:1,FAIL
bottle,mustard_bottle,top_near,bottle,10,0,0.00,0.00,0.000,0.000,none:5 sports ball:3 frisbee:1 remote:1,FAIL
box,ALL,oblique,book,20,0,0.10,0.20,0.441,0.086,none:16 book:4,FAIL
box,ALL,oblique_near,book,20,0,0.10,0.15,0.434,0.089,none:15 book:3 remote:1 chair:1,FAIL
box,ALL,top,book,20,0,0.00,0.05,0.256,0.016,none:19 book:1,FAIL
box,ALL,top_near,book,20,0,0.00,0.05,0.340,0.056,none:19 book:1,FAIL
box,cardboard_box,oblique,none,10,0,0.00,0.00,0.000,0.000,none:10,FAIL
box,cardboard_box,oblique_near,chair,10,0,0.10,0.10,0.384,0.059,none:9 chair:1,FAIL
box,cardboard_box,top,book,10,0,0.00,0.10,0.256,0.026,none:9 book:1,FAIL
box,cardboard_box,top_near,none,10,0,0.00,0.00,0.000,0.000,none:10,FAIL
box,cracker_box,oblique,book,10,0,0.20,0.40,0.441,0.171,none:6 book:4,FAIL
box,cracker_box,oblique_near,book,10,0,0.20,0.30,0.434,0.179,none:6 book:3 remote:1,FAIL
box,cracker_box,top,none,10,0,0.00,0.00,0.000,0.000,none:10,FAIL
box,cracker_box,top_near,book,10,0,0.00,0.10,0.340,0.112,none:9 book:1,FAIL
can,ALL,oblique,bottle,30,0,0.20,0.30,0.646,0.193,none:18 bottle:9 cell phone:2 cup:1,FAIL
can,ALL,oblique_near,bottle,30,0,0.40,0.47,0.763,0.280,none:12 bottle:12 cup:6,FAIL
can,ALL,top,clock,30,0,0.03,0.10,0.351,0.047,none:26 clock:3 remote:1,FAIL
can,ALL,top_near,sports ball,30,0,0.20,0.27,0.780,0.169,none:19 sports ball:8 remote:2 frisbee:1,FAIL
can,coke_can,oblique,bottle,10,0,0.10,0.20,0.382,0.154,none:8 bottle:2,FAIL
can,coke_can,oblique_near,cup,10,0,0.40,0.50,0.532,0.278,cup:5 none:3 bottle:2,FAIL
can,coke_can,top,none,10,0,0.00,0.00,0.000,0.000,none:10,FAIL
can,coke_can,top_near,sports ball,10,0,0.20,0.20,0.450,0.126,none:8 sports ball:2,FAIL
can,master_chef_can,oblique,bottle,10,0,0.50,0.60,0.646,0.353,bottle:6 none:3 cup:1,FAIL
can,master_chef_can,oblique_near,bottle,10,0,0.90,1.00,0.763,0.580,bottle:9 cup:1,PASS
can,master_chef_can,top,clock,10,0,0.10,0.30,0.351,0.132,none:7 clock:3,FAIL
can,master_chef_can,top_near,sports ball,10,0,0.40,0.60,0.780,0.375,sports ball:6 none:3 frisbee:1,FAIL
can,potted_meat_can,oblique,cell phone,10,0,0.20,0.20,0.660,0.215,none:7 cell phone:2 bottle:1,FAIL
can,potted_meat_can,oblique_near,bottle,10,0,0.10,0.10,0.358,0.075,none:9 bottle:1,FAIL
can,potted_meat_can,top,remote,10,0,0.10,0.10,0.373,0.068,none:9 remote:1,FAIL
can,potted_meat_can,top_near,remote,10,0,0.10,0.20,0.560,0.130,none:8 remote:2,FAIL
cup,ALL,oblique,cup,20,0,0.40,0.60,0.839,0.364,cup:12 none:7 mouse:1,FAIL
cup,ALL,oblique_near,cup,20,0,0.65,0.75,0.829,0.443,cup:15 none:4 mouse:1,FAIL
cup,ALL,top,cup,20,0,0.00,0.00,0.000,0.000,none:15 mouse:2 sports ball:2 scissors:1,FAIL
cup,ALL,top_near,cup,20,0,0.00,0.00,0.000,0.000,none:16 mouse:4,FAIL
cup,pitcher_base,oblique,cup,10,0,0.50,0.70,0.702,0.396,cup:7 none:2 mouse:1,FAIL
cup,pitcher_base,oblique_near,cup,10,0,0.60,0.70,0.829,0.416,cup:7 none:3,FAIL
cup,pitcher_base,top,cup,10,0,0.00,0.00,0.000,0.000,none:5 mouse:2 sports ball:2 scissors:1,FAIL
cup,pitcher_base,top_near,cup,10,0,0.00,0.00,0.000,0.000,none:6 mouse:4,FAIL
cup,plastic_cup,oblique,cup,10,0,0.30,0.50,0.839,0.333,none:5 cup:5,FAIL
cup,plastic_cup,oblique_near,cup,10,0,0.70,0.80,0.809,0.469,cup:8 none:1 mouse:1,FAIL
cup,plastic_cup,top,cup,10,0,0.00,0.00,0.000,0.000,none:10,FAIL
cup,plastic_cup,top_near,cup,10,0,0.00,0.00,0.000,0.000,none:10,FAIL
