stamp,robotiq_85_left_knuckle_joint,robotiq_85_right_knuckle_joint,robotiq_85_left_inner_knuckle_joint,robotiq_85_right_inner_knuckle_joint,robotiq_85_left_finger_tip_joint,robotiq_85_right_finger_tip_joint
252.598,-5.752094646549466e-05,-3.5127761827347115e-05,-5.866420958255958e-05,6.41495855404628e-05,4.879018313008743e-05,-6.941146941841225e-05
252.608,-5.7520928062437804e-05,-3.512782845138673e-05,-5.866420784705895e-05,6.414959116440855e-05,4.8790183451608016e-05,-0.00014520950101371
252.618,-5.752094646549466e-05,-3.5127761826458936e-05,-5.86642095816714e-05,6.414958553957462e-05,4.8790183131863785e-05,-6.941146941930043e-05
252.628,-5.7520928062437804e-05,-3.5127828450498555e-05,-5.8664207848835304e-05,6.414959116529673e-05,4.8790183451608016e-05,-0.00014520950101371
252.638,0.699996123299683,-0.6999961378048019,0.6999998709255806,-0.6999998328856037,-0.69998363089664,0.6999835434953905
252.648,0.6999961021966907,-0.6999960241753653,0.6999999318343306,-0.6999998908550357,-0.6999834608060717,0.6999833573202245
252.658,0.6999961063429501,-0.6999960183387346,0.6999999383607554,-0.6999998973486644,-0.6999834691879944,0.6999833639138133
252.668,0.6999961123453664,-0.6999960232561167,0.6999999390482197,-0.6999998982834003,-0.6999834932311991,0.6999833877429937
252.678,0.6999961178549148,-0.6999960286416425,0.6999999391101737,-0.6999998985922004,-0.6999835160808102,0.69998341055451
252.688,0.699996122714972,-0.6999960334823534,0.6999999391063891,-0.6999998988083004,-0.6999835363179493,0.6999834307748651
252.698,0.6999961269835735,-0.6999960377436745,0.6999999390968137,-0.6999998989921,-0.6999835541011002,0.6999834485451606
252.708,0.6999961307310238,-0.6999960414857869,0.6999999390877409,-0.6999998991528141,-0.6999835697140867,0.699983464147075
252.718,0.6999961340208278,-0.6999960447710194,0.6999999390797003,-0.6999998992938311,-0.6999835834204845,0.6999834778437712
252.728,0.6999961369088714,-0.6999960476550635,0.6999999390726357,-0.6999998994176219,-0.6999835954530301,0.6999834898678063
252.738,0.6999961394442193,-0.6999960501869031,0.6999999390664318,-0.699999899526294,-0.6999836060161343,0.6999835004234383
252.748,0.6999961416699492,-0.699996052409551,0.6999999390609863,-0.699999899621696,-0.6999836152892588,0.6999835096900036
252.758,0.699996143623868,-0.6999960543607644,0.699999939056207,-0.699999899705445,-0.6999836234299318,0.6999835178249167
252.768,0.6999961453391705,-0.6999960560736938,0.6999999390520104,-0.6999998997789666,-0.6999836305764543,0.6999835249663828
252.778,0.699996146844998,-0.6999960575774367,0.6999999390483262,-0.6999998998435105,-0.6999836368502296,0.6999835312357208
252.788,0.6999961481669317,-0.6999960588975389,0.6999999390450933,-0.6999998999001719,-0.6999836423578426,0.6999835367394374
252.798,0.6999961493274292,-0.6999960600564261,0.6999999390422547,-0.6999998999499116,-0.6999836471928559,0.6999835415710258
252.808,0.6999961503462053,-0.6999960610737901,0.6999999390397624,-0.699999899993578,-0.6999836514374108,0.6999835458125769
252.818,0.6999961512405664,-0.6999960619669112,0.6999999390375766,-0.6999999000319136,-0.6999836551636142,0.6999835495361415
252.828,0.6999961520257045,-0.6999960627509632,0.6999999390356537,-0.6999999000655658,-0.6999836584347611,0.6999835528049791
252.838,0.6999961527149621,-0.6999960634392677,0.6999999390339653,-0.6999999000951093,-0.6999836613064364,0.6999835556746214
252.848,0.699996153320046,-0.6999960640435114,0.6999999390324865,-0.6999999001210414,-0.6999836638274181,0.6999835581938179
252.858,0.699996153851238,-0.699996064573968,0.6999999390311897,-0.6999999001438099,-0.699983666040534,0.6999835604053652
252.868,0.6999961543175557,-0.6999960650396426,0.6999999390300475,-0.6999999001638001,-0.6999836679833745,0.6999835623468362
252.878,0.6999961547269278,-0.6999960654484472,0.6999999390290457,-0.6999999001813452,-0.6999836696889569,0.6999835640512115
252.888,0.6999961550863079,-0.6999960658073299,0.6999999390281655,-0.6999999001967497,-0.6999836711862498,0.699983565547444
252.898,0.6999961554018022,-0.6999960661223836,0.6999999390273937,-0.6999999002102731,-0.6999836725006935,0.6999835668609569
252.908,0.6999961556787637,-0.6999960663989624,0.6999999390267151,-0.6999999002221454,-0.6999836736546122,0.6999835680140603
252.918,0.6999961559219026,-0.6999960666417673,0.6999999390261209,-0.6999999002325646,-0.6999836746676108,0.6999835690263447
252.928,0.6999961561353505,-0.6999960668549177,0.6999999390256013,-0.6999999002417138,-0.6999836755569065,0.6999835699150045
252.938,0.6999961563227322,-0.6999960670420364,0.699999939025143,-0.699999900249742,-0.699983676337595,0.6999835706951378
252.948,0.6999961564872264,-0.6999960672063086,0.6999999390247389,-0.699999900256795,-0.6999836770229401,0.699983571380006
252.958,0.6999961566316362,-0.6999960673505186,0.6999999390243836,-0.6999999002629865,-0.6999836776245975,0.6999835719812353
252.968,0.6999961567584094,-0.699996067477116,0.6999999390240728,-0.6999999002684177,-0.6999836781527767,0.6999835725090442
252.978,0.6999961568697035,-0.699996067588252,0.6999999390238063,-0.6999999002731864,-0.6999836786164583,0.6999835729723909
252.988,0.6999961569674014,-0.6999960676858201,0.6999999390235638,-0.6999999002773777,-0.6999836790235087,0.6999835733791597
252.998,-5.7048524329543244e-05,2.9359052188482337e-05,-9.850412114677591e-06,1.4891253196758214e-05,1.4414033127962966e-05,-7.684403249100893e-05
253.008,-5.7453188177751275e-05,3.192744889357613e-05,-1.0686066221478678e-05,1.5816316698114008e-05,-1.539674804096336e-05,-7.555759882563831e-05
253.018,-5.753065874104904e-05,3.221075484383107e-05,-1.0791739666584159e-05,1.593415224654393e-05,1.6139572490025955e-05,-7.543507052346723e-05
253.028,-5.753830127476603e-05,3.224121349720832e-05,-1.0816412094240628e-05,1.596157901673223e-05,-1.5499231977855743e-05,-7.543469482754841e-05
253.038,-5.753814226507173e-05,3.224439370086429e-05,-1.0830731751700422e-05,1.5977449696613633e-05,1.6208299621567335e-05,-7.544574106347437e-05
253.048,-5.753722677250109e-05,3.2244662211411423e-05,-1.0842519526012632e-05,1.5990501494478337e-05,-1.5490303875154154e-05,-7.545667315337437e-05
253.058,-5.75363688356684e-05,3.22446178371294e-05,-1.0852783354910538e-05,1.600186633865519e-05,1.62435746862144e-05,-7.54663872193704e-05
253.068,-5.753558349853974e-05,3.224456010286758e-05,-1.0861789230067269e-05,1.6011834492069e-05,-1.5482491140694776e-05,-7.547494971852456e-05
253.078,-5.7534919663330714e-05,3.224449802008422e-05,-1.0869691867722646e-05,1.602058354066571e-05,1.627110690982647e-05,-7.548245221226193e-05
253.088,-5.753431245216048e-05,3.2244452954799385e-05,-1.0876630112368128e-05,1.6028261575762315e-05,-1.5476520978552344e-05,-7.54890547858609e-05
253.098,-5.753380544883227e-05,3.224440470095402e-05,-1.0882716883455283e-05,1.6034999635650138e-05,1.629264961433563e-05,-7.549483295136253e-05
253.108,-5.753333610604541e-05,3.2244372045298064e-05,-1.0888061660520658e-05,1.6040913165760173e-05,-1.547195956064229e-05,-7.549992218706205e-05
253.118,-5.7532949821263474e-05,3.224433450377262e-05,-1.0892749189108168e-05,1.6046102063072e-05,1.630944064423545e-05,-7.550437126017198e-05
253.128,-5.753258617881399e-05,3.2244311058526876e-05,-1.0896865285016725e-05,1.6050655380794865e-05,-1.5468469088730785e-05,-7.550829312655918e-05
253.138,-5.75322924662042e-05,3.224428144843472e-05,-1.0900474021437527e-05,1.60546501346559e-05,1.6322487754294457e-05,-7.551171704104445e-05
253.148,-5.753200994375432e-05,3.2244264859038196e-05,-1.0903643082895224e-05,1.6058155214437875e-05,-1.546579506950252e-05,-7.55147388078812e-05
253.158,-5.753178730140532e-05,3.22442411855306e-05,-1.0906420537605892e-05,1.6061229932695653e-05,1.6332601526336532e-05,-7.551737253844817e-05
253.168,-5.7531567072237084e-05,3.224422974668073e-05,-1.0908860009341619e-05,1.6063927558818136e-05,-1.5463744711397e-05,-7.551970069833527e-05
253.178,-5.753139901733376e-05,3.2244210544263296e-05,-1.0910997185111308e-05,1.606629370964896e-05,1.634042713138939e-05,-7.552172565897888e-05
253.188,-5.7531226643218775e-05,3.224420299030584e-05,-1.0912874806725052e-05,1.606836957890323e-05,-1.5462171474744935e-05,-7.552351957332928e-05
253.198,-5.753110052810043e-05,3.224418716740729e-05,-1.0914518978634784e-05,1.6070190199002354e-05,1.6346473785233684e-05,-7.55250757152113e-05
253.208,-5.753096492634838e-05,3.224418255776129e-05,-1.091596404847635e-05,1.6071787437788032e-05,-1.5460963684432727e-05,-7.552645826972662e-05
253.218,-5.75308710423367e-05,3.224416930169838e-05,-1.0917228723951804e-05,1.6073188151999318e-05,1.6351140873283043e-05,-7.552765348076787e-05
253.228,-5.753076370153379e-05,3.2244166931150176e-05,-1.091834086277728e-05,1.607441700990364e-05,-1.5460036064673943e-05,-7.552871937480757e-05
253.238,-5.753069459148277e-05,3.224415562641525e-05,-1.0919313465220308e-05,1.607549457105506e-05,1.6354740186130812e-05,-7.552963677607363e-05
253.248,-5.753060897730036e-05,3.224415496383415e-05,-1.092016939299341e-05,1.6076439951717703e-05,-1.5459323396527225e-05,-7.553045896106039e-05
253.258,-5.753055891423556e-05,3.224414514857443e-05,-1.0920917246328225e-05,1.6077268853109672e-05,1.635751426842802e-05,-7.553116257245176e-05
253.268,-5.7530490000471974e-05,3.224414578983925e-05,-1.0921576034019291e-05,1.6077996119356897e-05,-1.5458775729726426e-05,-7.553179722211792e-05
253.278,-5.753045457902842e-05,3.224413711411245e-05,-1.0922150956351255e-05,1.607863370889362e-05,1.6359651288766486e-05,-7.553233632954328e-05
253.288,-5.7530398507436604e-05,3.2244138751913454e-05,-1.0922658068037232e-05,1.607919316626294e-05,-1.5458354787334372e-05,-7.55328266848552e-05
253.298,-5.753037434187816e-05,3.2244130950154215e-05,-1.0923099956340958e-05,1.6079683569536485e-05,1.6361296930611502e-05,-7.553323922596758e-05
253.308,-5.7530328145054016e-05,3.224413334912413e-05,-1.0923490380922511e-05,1.6080113932837037e-05,-1.5458031196402544e-05,-7.553361856874699e-05
253.318,-5.7530312639235165e-05,3.224412621527506e-05,-1.0923829920874221e-05,1.6080491112901996e-05,1.6362563819427578e-05,-7.553393374241193e-05
253.328,-5.753027403544833e-05,3.224412920044273e-05,-1.0924130579039253e-05,1.608082216986162e-05,-1.5457782412298116e-05,-7.553422768328358e-05
253.338,-5.7530265187414914e-05,3.224412257907261e-05,-1.0924391389967662e-05,1.6081112252486207e-05,1.636353891498743e-05,-7.553446795153332e-05
253.348,-5.753023242251301e-05,3.224412601454674e-05,-1.092462299847781e-05,1.6081366917219952e-05,-1.5457591125311865e-05,-7.553469619739997e-05
253.358,0.6999961017373728,-0.6999961309509876,0.6999998711950264,-0.6999998334771572,-0.6999835403408398,0.6999834675633769
253.368,0.6999960794403668,-0.6999960030290683,0.6999999319128154,-0.6999998900429262,-0.6999833659233424,0.699983264070795
253.378,0.6999960859599783,-0.6999959981535336,0.6999999384131685,-0.6999998964924427,-0.699983384258189,0.6999832792123222
253.388,0.6999960944092711,-0.6999960053628788,0.69999993909249,-0.6999998975163685,-0.699983418502392,0.6999833130849211
253.398,0.6999961021048362,-0.6999960129151815,0.6999999391488192,-0.6999998979172283,-0.6999834504604495,0.6999833449823587
253.408,0.6999961088878504,-0.699996019674532,0.6999999391402518,-0.6999998982156287,-0.6999834787094873,0.6999833732073126
253.418,0.6999961148449882,-0.6999960256218981,0.6999999391265233,-0.6999998984718051,-0.699983503527705,0.6999833980075438
253.428,0.6999961200748164,-0.6999960308443286,0.6999999391138125,-0.6999998986960604,-0.6999835253167822,0.6999834197811667
253.438,0.6999961246659714,-0.6999960354291127,0.6999999391025886,-0.6999998988928612,-0.6999835444450501,0.699983438895905
253.448,0.6999961286964478,-0.6999960394540051,0.6999999390927298,-0.6999998990656172,-0.6999835612373421,0.6999834556763149
253.458,0.6999961322347081,-0.6999960429873734,0.6999999390840701,-0.6999998992172772,-0.6999835759789207,0.6999834704074726
253.468,0.6999961353408741,-0.6999960460892397,0.6999999390764717,-0.6999998993504143,-0.6999835889202398,0.6999834833396354
253.478,0.6999961380677133,-0.6999960488122979,0.6999999390698033,-0.6999998994672932,-0.6999836002811414,0.6999834946924981
253.488,0.6999961404615407,-0.699996051202815,0.699999939063944,-0.6999998995698983,-0.6999836102546283,0.6999835046589293
253.498,0.6999961425630294,-0.6999960533013986,0.6999999390588014,-0.6999998996599773,-0.6999836190101384,0.6999835134082506
253.508,0.6999961444078862,-0.6999960551436964,0.6999999390542877,-0.699999899739051,-0.6999836266964122,0.6999835210890826
253.518,0.699996146027444,-0.6999960567610125,0.6999999390503264,-0.6999998998084683,-0.6999836334440245,0.6999835278319253
253.528,0.6999961474492196,-0.6999960581808172,0.6999999390468492,-0.6999998998694071,-0.6999836393676097,0.6999835337513209
253.538,0.6999961486973652,-0.6999960594272318,0.6999999390437948,-0.6999998999229057,-0.6999836445677966,0.699983538947822
253.548,0.6999961497930833,-0.6999960605214383,0.6999999390411125,-0.6999998999698743,-0.6999836491329253,0.6999835435097266
253.558,0.6999961507549912,-0.6999960614820139,0.6999999390387597,-0.6999999000111027,-0.6999836531405516,0.6999835475145195
253.568,0.6999961515994322,-0.6999960623252816,0.6999999390366947,-0.6999999000472942,-0.6999836566587657,0.6999835510302388
253.578,0.6999961523407459,-0.6999960630655703,0.6999999390348828,-0.699999900079067,-0.6999836597473307,0.6999835541166171
253.588,0.6999961529915311,-0.6999960637154495,0.6999999390332912,-0.6999999001069611,-0.6999836624587085,0.6999835568260737
253.598,0.6999961535628385,-0.69999606428597,0.6999999390318914,-0.6999999001314509,-0.6999836648389733,0.6999835592046599
253.608,0.6999961540643795,-0.6999960647868165,0.6999999390306657,-0.6999999001529492,-0.6999836669285516,0.6999835612927585
253.618,0.6999961545046691,-0.6999960652264977,0.6999999390295892,-0.6999999001718203,-0.6999836687629492,0.6999835631258611
253.628,0.6999961548911902,-0.6999960656124832,0.6999999390286415,-0.6999999001883884,-0.6999836703733268,0.6999835647350983
253.638,0.6999961552305107,-0.6999960659513321,0.6999999390278164,-0.6999999002029306,-0.6999836717870466,0.6999835661478127
253.648,0.6999961555283924,-0.6999960662488,0.6999999390270863,-0.6999999002156981,-0.699983673028116,0.6999835673880055
253.658,0.6999961557898962,-0.6999960665099431,0.699999939026446,-0.6999999002269061,-0.6999836741176259,0.6999835684767444
253.668,0.6999961560194645,-0.6999960667391926,0.6999999390258838,-0.699999900236748,-0.6999836750740848,0.6999835694325247
253.678,0.6999961562209975,-0.6999960669404458,0.6999999390253926,-0.6999999002453855,-0.6999836759137358,0.6999835702715833
253.688,0.6999961563979182,-0.6999960671171231,0.6999999390249565,-0.6999999002529661,-0.699983676650851,0.6999835710081745
253.698,0.6999961565532322,-0.6999960672722213,0.699999939024579,-0.699999900259623,-0.699983677297945,0.6999835716548111
253.708,0.6999961566895818,-0.6999960674083799,0.699999939024246,-0.6999999002654672,-0.6999836778660168,0.6999835722224814
253.718,-5.704869073934647e-05,2.9359163431053048e-05,-9.850849561971952e-06,1.489176373681289e-05,1.4414377525362454e-05,-7.684469311542933e-05
253.728,-5.745318375975815e-05,3.192746120728174e-05,-1.068643083991898e-05,1.581672369255216e-05,-1.53966012490514e-05,-7.555797673043322e-05
253.738,-5.753063475026808e-05,3.221075431447673e-05,-1.079205778888419e-05,1.5934504991932386e-05,1.6140055460134306e-05,-7.543537673805282e-05
253.748,-5.753827755932038e-05,3.224121155209758e-05,-1.0816691372057473e-05,1.5961888350624065e-05,-1.5499116205575092e-05,-7.543496057228431e-05
253.758,-5.7538121131560745e-05,3.2244391827696006e-05,-1.0830977063798141e-05,1.5977721337101514e-05,1.6208686473007106e-05,-7.54459741241326e-05
253.768,-5.7537208212042986e-05,3.2244660575386774e-05,-1.084273498376913e-05,1.5990740045879193e-05,-1.5490215776736704e-05,-7.545687784117298e-05
253.778,-5.753635257381605e-05,3.224461642581389e-05,-1.085297255722477e-05,1.6002075801324622e-05,1.624388006682409e-05,-7.546656699376434e-05
253.788,-5.7535569249299686e-05,3.224455888339861e-05,-1.0861955349512552e-05,1.601201837786448e-05,-1.54824240086171e-05,-7.547510758599777e-05
253.798,-5.7534907178013e-05,3.224449696492826e-05,-1.0869837674527471e-05,1.602074492979e-05,1.6271346467533476e-05,-7.548259080093437e-05
253.808,-5.753430150605597e-05,3.224445203731108e-05,-1.0876758084550286e-05,1.6028403213574904e-05,-1.5476469733322062e-05,-7.548917642720091e-05
253.818,-5.753379585897621e-05,3.2244403906034336e-05,-1.0882829199716437e-05,1.6035123937108153e-05,1.6292836640730002e-05,-7.549493972459579e-05
253.828,-5.7533327699243005e-05,3.224437135784797e-05,-1.0888160229556231e-05,1.604102224739279e-05,-1.5471920371545878e-05,-7.550001590140802e-05
253.838,-5.753294245362982e-05,3.2244333905140365e-05,-1.0892835684246304e-05,1.604619778117211e-05,1.630958616694045e-05,-7.550445350369365e-05
253.848,-5.753257972067503e-05,3.2244310535389786e-05,-1.0896941177969065e-05,1.6050739366058053e-05,-1.5468439081622876e-05,-7.550836529547304e-05
253.858,-5.753228680476129e-05,3.224428099279919e-05,-1.0900540611609099e-05,1.6054723821490313e-05,1.632260067641056e-05,-7.551178036814214e-05
253.868,-5.7532004980419645e-05,3.224426446202244e-05,-1.0903701505378049e-05,1.6058219858727796e-05,-1.546577207101052e-05,-7.551479437141132e-05
253.878,-5.7531782950025575e-05,3.224424084091737e-05,-1.0906471793377048e-05,1.606128664288775e-05,1.6332688965725595e-05,-7.551742128432074e-05
253.888,-5.7531563257317105e-05,3.2244229445588246e-05,-1.0908904975033206e-05,1.606397730746778e-05,-1.5463727071285405e-05,-7.55197434658789e-05
253.898,-5.753139567226016e-05,3.2244210280474306e-05,-1.0911036628109482e-05,1.6066337350295612e-05,1.634049473331345e-05,-7.552176317827623e-05
253.908,-5.753122370937179e-05,3.2244202761155805e-05,-1.0912909409150839e-05,1.6068407860281297e-05,-1.5462157934464926e-05,-7.552355248653334e-05
253.918,-5.753109795485388e-05,3.2244186967567146e-05,-1.0914549330238654e-05,1.6070223779252046e-05,1.634652598880848e-05,-7.552510458631538e-05
253.928,-5.7530962671069704e-05,3.224418238367832e-05,-1.0915990674171749e-05,1.6071816890672608e-05,-1.5460953286527968e-05,-7.552648359344609e-05
253.938,-5.753086906594605e-05,3.224416914715533e-05,-1.0917252075821548e-05,1.6073213989109547e-05,1.635118114950984e-05,-7.552767569586287e-05
253.948,-5.7530761968504026e-05,3.2244166797035234e-05,-1.0918361346718907e-05,1.607443967088784e-05,-1.5460028076397236e-05,-7.552873886141846e-05
253.958,-5.753069307161583e-05,3.2244155510063877e-05,-1.0919331430287937e-05,1.6075514446711736e-05,1.6354771237736543e-05,-7.552965386993186e-05
253.968,-5.753060764395089e-05,3.224415486169363e-05,-1.0920185152714023e-05,1.6076457384883724e-05,-1.5459317257437988e-05,-7.553047395348848e-05
253.978,-5.753055774519909e-05,3.224414505975659e-05,-1.092093106626717e-05,1.6077284143101167e-05,1.6357538195066468e-05,-7.553117572368599e-05
253.988,-5.753048897443223e-05,3.224414571079137e-05,-1.0921588153096561e-05,1.6078009530851034e-05,-1.5458771015275374e-05,-7.553180875420288e-05
253.998,-5.753045367911001e-05,3.224413704661089e-05,-1.0922161591282386e-05,1.607864547104043e-05,1.6359669714027802e-05,-7.553234644320731e-05
254.008,-5.753039771765232e-05,3.224413869062914e-05,-1.0922667392017015e-05,1.6079203483343463e-05,-1.5458351160901884e-05,-7.55328355524049e-05
254.018,-5.753037365156986e-05,3.224413089686351e-05,-1.0923108131017866e-05,1.6079692616521868e-05,1.63613111174854e-05,-7.553324700549872e-05
254.028,-5.753032754001085e-05,3.224413330293885e-05,-1.092349754929327e-05,1.608012186782304e-05,-1.5458028407522306e-05,-7.553362538904544e-05
254.038,-5.7530312107022626e-05,3.224412617441885e-05,-1.0923836209060166e-05,1.6080498070003557e-05,1.636257473869307e-05,-7.553393972426995e-05
254.048,-5.7530273568960996e-05,3.224412916669195e-05,-1.0924136091845437e-05,1.608082826809465e-05,-1.5457780270899946e-05,-7.553423292884169e-05
