stamp,gripper_left_finger_joint,gripper_right_finger_joint
22.227,1.7864510830626542e-08,8.095841705861871e-06
22.237,-8.137849019100824e-06,8.137848401245175e-06
22.247,3.0076055030430603e-08,8.104342819052254e-06
22.257,0.039991900122373775,0.03999997917523658
22.267,0.03999188954063624,0.03999996695740672
22.277,0.03999188565122342,0.04000811435190448
22.287,0.03999186497742495,0.0400081350270734
22.297,0.03999187784426929,0.04000812215836821
22.307,0.0399918614096193,0.04000813859529175
22.317,0.039991913036141254,0.03999998891883579
22.327,0.03999191792410724,0.0399999951150291
22.337,0.03999188611045458,0.04000811389204828
22.347,0.039991869682089294,0.040008130321179544
22.357,0.03999192945195574,0.04000000743894164
22.367,0.03999186529653816,0.040008134707227964
22.377,0.03999189326178846,0.04000810674011353
22.387,0.03999188238997291,0.040008117611771754
22.397,0.039991897672837784,0.039999974822047334
22.407,0.03999187656649417,0.04000812343751397
22.417,0.03999185914115288,0.040008140864016516
22.427,0.03999185973997591,0.04000814026542147
22.437,0.03999188665574148,0.04000811334728165
22.447,0.03999188050274516,0.0400081194997327
22.457,0.03999189654223225,0.04000810345910965
22.467,0.03999189502772548,0.04000810497388195
22.477,0.0399919167296044,0.03999999348688968
22.487,0.03999188359038913,0.04000811641234629
22.497,0.039991871117774136,0.0400081288857887
22.507,0.03999188262340751,0.040008117380018984
22.517,0.039991881082753755,0.04000811892065055
22.527,0.03999189520845934,0.04000810479314515
22.537,0.03999189133046137,0.04000810867111838
22.547,0.03999191340535735,0.03999998879824494
22.557,0.0399918637351258,0.040008136269455645
22.567,0.03999189004073343,0.04000810996147582
22.577,0.03999191959132562,0.039999997080205296
22.587,0.03999187871779831,0.0400081212856643
22.597,0.039991867693908306,0.0400081323096649
22.607,0.03999191709634758,0.039999994668611934
22.617,2.0427319550972665e-08,8.094419849570518e-06
22.627,-8.122589880381831e-06,8.122588116859066e-06
22.637,1.965175170365216e-08,8.09661965739574e-06
22.647,3.6181547159231972e-09,8.078511343961676e-06
22.657,-8.134463323900637e-06,8.134462556151556e-06
22.667,-8.137527999014777e-06,8.137527265336432e-06
22.677,2.9687624818882936e-08,8.10498954502328e-06
22.687,-8.126739574794708e-06,8.126738704687861e-06
22.697,2.4062974310765513e-08,8.096125683711279e-06
22.707,-8.132553679460527e-06,8.132552814695182e-06
22.717,-8.11931610940674e-06,8.119314918771483e-06
22.727,-8.11622369579477e-06,8.116222121766489e-06
22.737000000000002,-8.12182376963978e-06,8.12182211688499e-06
22.747,-8.13379409529134e-06,8.133793120096611e-06
22.757,-8.104325435487871e-06,8.104323041299206e-06
22.767,-8.126448414616914e-06,8.126446954713586e-06
22.777,-8.122621819459822e-06,8.122620696873224e-06
22.787,1.5676286660656777e-08,8.09133250090281e-06
22.797,6.608334023598376e-10,8.07651605213258e-06
22.807,-2.2476134398895866e-09,8.073656968142953e-06
22.817,3.749262386175323e-08,8.112124057099017e-06
22.827,-8.136370548254537e-06,8.136370072190628e-06
22.837,-8.129267780377748e-06,8.129266798689359e-06
22.847,5.34844085781054e-09,8.080527314652063e-06
22.857,1.776534987264286e-09,8.078363395439599e-06
22.867,3.2837418069281656e-08,8.10750363455635e-06
22.877,-8.144898729307521e-06,8.144898504993937e-06
22.887,2.5922004803882075e-08,8.097857119616644e-06
22.897,-8.115400013560285e-06,8.115398541498595e-06
22.907,-8.1057620614467e-06,8.10575982653811e-06
22.917,2.4958443870004993e-08,8.099634911467786e-06
22.927,-8.111443494831543e-06,8.111441790469948e-06
22.937,-8.127702982260372e-06,8.127701743148078e-06
22.947,-8.137895350459387e-06,8.13789461905653e-06
22.957,-8.114621648211261e-06,8.114619926648177e-06
22.967,0.03999186866111893,0.0400081313429551
22.977,0.03999192603191204,0.040000004712282364
22.987000000000002,0.039991878649328585,0.04000812135293839
22.997,0.03999190795636331,0.03999998590710409
23.007,0.039991875835818744,0.04000812416699594
23.017,0.0399918677388161,0.040008132264689945
23.027,0.03999191261762623,0.039999989300373164
23.037,0.039991885186863724,0.04000811481582717
23.047,0.039991920410600054,0.03999999696933138
23.057,0.03999189042634081,0.0399999670784504
23.067,0.03999186034301369,0.04000813966226028
23.077,0.03999186832556239,0.040008131678749316
23.087,0.039991875673424535,0.040008124329731345
23.097,0.039991869121328884,0.040008130882524834
23.107,0.03999191020322817,0.03999998500968304
23.117,0.039991900047347394,0.039999977430470304
23.127,0.03999190287302464,0.039999979429195656
23.137,0.039991916196219286,0.039999992490301416
23.147,0.039991869841526195,0.04000813016228601
23.157,0.03999188471504845,0.04000811528787059
23.167,0.039991896928916165,0.039999973594523626
23.177,0.03999188371726772,0.040008116285813494
23.187,0.039991882609810875,0.0400081173934871
23.197,0.03999189309477416,0.03999997069454993
23.207,0.0399919187373685,0.039999995308446765
23.217,0.03999188979632077,0.03999996585556537
23.227,0.03999188123460816,0.04000811876876723
23.237,0.039991888882833566,0.0400081111192106
23.247,0.039991912644484685,0.039999989011692653
23.257,0.03999189648521543,0.04000810351618705
23.267,0.03999189558797935,0.040008104413147796
23.277,0.03999188932433189,0.040008110677592454
23.287,0.039991904467669634,0.03999998165768604
23.297,0.03999188118443671,0.04000811881902968
23.307,0.039991890520928795,0.03999996696802985
23.317,3.949828012853339e-08,8.11586817920714e-06
23.327,2.4398182554817757e-08,8.099443555502836e-06
23.337,2.5336985482681482e-08,8.101214646512787e-06
23.347,2.1091213835552986e-08,8.093636762787238e-06
23.357,1.6813416981758716e-08,8.093641961017607e-06
23.367,-8.121175700933771e-06,8.121174484254923e-06
23.377,3.152062892207526e-08,8.1064392443183e-06
23.387,8.066547751095272e-09,8.08372780783e-06
23.397,3.6101152332957245e-08,8.109643447441363e-06
23.407,3.691897860718392e-08,8.110266705148015e-06
23.417,-8.107076115157954e-06,8.107074177198415e-06
23.427,1.3493315424709237e-08,8.08804368178318e-06
23.437,8.761852067473996e-09,8.083235263795118e-06
23.447,-8.11983905913629e-06,8.119837623168188e-06
23.457,1.0324039588636403e-08,8.083494647510674e-06
23.467,1.7732639810016712e-08,8.092950285686488e-06
23.477,-8.112526027303021e-06,8.11252410534726e-06
23.487,1.4500923493795096e-08,8.088483821364155e-06
23.497,3.907618036714287e-09,8.0787483883837e-06
23.507,-8.106288860436376e-06,8.106286542545813e-06
23.517,-8.107434879783513e-06,8.107432536056572e-06
23.527,-8.141822874658106e-06,8.141822444177019e-06
23.537,1.130936072864444e-08,8.085630420295703e-06
23.547,2.3503689320928052e-08,8.099716806540424e-06
23.557,5.6682513836024536e-09,8.081036985326788e-06
23.567,-8.12804602029277e-06,8.128044585920341e-06
23.577,-8.126662003770361e-06,8.126660575993777e-06
23.587,-8.11478827351339e-06,8.114786610702916e-06
23.597,-8.13046007301091e-06,8.130458995466733e-06
23.607,1.0403024385698092e-08,8.085116413103615e-06
23.617,-8.141703042969107e-06,8.141702566022244e-06
23.627,2.1068902378270985e-08,8.094148243769146e-06
23.637,-8.12944028519403e-06,8.129439683720728e-06
23.647,1.0898445044894368e-08,8.083971697292054e-06
23.657,-8.126937362960555e-06,8.12693597488246e-06
