stamp,robotiq_85_left_knuckle_joint
244.17,0.7911083570821758
244.18,0.7911083570821758
244.19,0.7911083570821758
244.2,0.7861083570832316
244.21,0.781108357083156
244.22,0.7761083570831258
244.23,0.7711083570831117
244.24,0.7661083570831029
244.25,0.761108357083096
244.26,0.7561083570830899
244.27,0.7511083570830838
244.28,0.7461083570830777
244.29,0.7414975213746836
244.3,0.7373477692371199
244.31,0.733612992313325
244.32,0.730251693081919
244.33,0.7272265237736609
244.34,0.7245038713962348
244.35,0.7220534842565574
244.36,0.7198481358308524
244.37,0.7178633222477225
244.38,0.7160769900229096
244.39,0.7144692910205817
244.4,0.7130223619184894
244.41,0.7117201257266095
244.42,0.7105481131539201
244.43,0.709493301838502
244.44,0.7085439716546279
244.45,0.7076895744891433
244.46,0.7069206170402087
244.47,0.706228555336169
244.48,0.7056056998025348
244.49,0.7050451298222653
244.5,0.7045406168400237
244.51,0.7040865551560074
244.52,0.7036778996403935
244.53,0.7033101096763419
244.54,0.702979098708696
244.55,0.7026811888378155
244.56,0.7024130699540236
244.57,0.7021717629586114
244.58,0.7019545866627409
244.59,0.7017591279964579
244.6,0.7015832151968036
244.61,0.7014248936771151
244.62,0.7012824043093957
244.63,0.7011541638784485
244.64,0.7010387474905964
244.65,0.7009348727415295
244.66,0.7008413854673695
244.67,0.7007572469206259
244.68,0.7006815222285571
244.69,0.7006133700056947
244.7,0.7005520330051189
244.71,0.7004968297046011
244.72,0.7004471467341352
244.73,0.7004024320607157
244.74,0.7003621888546383
244.75,0.6953621888556236
244.76,0.6903621888555549
244.77,0.6853621888555271
244.78,0.6803621888555139
244.79,0.6753621888555057
244.8,0.6703621888554993
244.81,0.6653621888554931
244.82,0.660362188855487
244.83,0.6553621888554809
244.84,0.6503621888554758
244.85,0.6453621888554708
244.86,0.6403621888554658
244.87,0.6353621888554608
244.88,0.6303621888554558
244.89,0.6253621888554508
244.9,0.6203621888554458
244.91,0.6153621888554408
244.92,0.6103621888554358
244.93,0.6053621888554308
244.94,0.6003621888554258
244.95,0.5953621888554208
244.96,0.5903621888554158
244.97,0.5853621888554108
244.98,0.5803621888554058
244.99,0.5753621888554008
245.0,0.5703621888553958
245.01,0.5653621888553908
245.02,0.5603621888553858
245.03,0.5553621888553808
245.04,0.5503621888553758
245.05,0.5453621888553708
245.06,0.5403621888553658
245.07,0.5353621888553608
245.08,0.5303621888553558
245.09,0.5253621888553508
245.1,0.5203621888553458
245.11,0.5153621888553408
245.12,0.5103621888553358
245.13,0.5053621888553308
245.14,0.5003621888553258
245.15,0.4953621888553208
245.16,0.4903621888553158
245.17,0.4853621888553108
245.18,0.4803621888553058
245.19,0.4753621888553008
245.2,0.4703621888552958
245.21,0.4653621888552908
245.22,0.4603621888552858
245.23,0.4553621888552808
245.24,0.4503621888552758
245.25,0.4453621888552708
245.26,0.4403621888552658
245.27,0.4353621888552608
245.28,0.4303621888552558
245.29,0.4253621888552508
245.3,0.4203621888552463
245.31,0.41536218885524184
245.32,0.4103621888552374
245.33,0.40536218885523295
245.34,0.4003621888552285
245.35,0.39536218885522406
245.36,0.3903621888552196
245.37,0.38536218885521517
245.38,0.3803621888552107
245.39,0.3753621888552063
245.4,0.37036218885520183
245.41,0.3653621888551974
245.42,0.36036218885519294
245.43,0.3553621888551885
245.44,0.35036218885518405
245.45,0.3453621888551796
245.46,0.34036218885517516
245.47,0.3353621888551707
245.48,0.33036218885516627
245.49,0.3253621888551618
245.5,0.3203621888551574
245.51,0.31536218885515294
245.52,0.3103621888551485
245.53,0.30536218885514405
245.54,0.3003621888551396
245.55,0.29536218885513515
245.56,0.2903621888551307
245.57,0.28536218885512626
245.58,0.2803621888551218
245.59,0.2753621888551174
245.6,0.27036218885511293
245.61,0.265362188855109
245.62,0.2603621888551051
245.63,0.2553621888551012
245.64,0.2503621888550973
245.65,0.24536218885509314
245.66,0.24036218885508898
245.67,0.2353621888550848
245.68,0.23036218885508064
245.69,0.22536218885507672
245.7,0.22036218885507283
245.71,0.21536218885506894
245.72,0.21036218885506505
245.73,0.20536218885506116
245.74,0.20036218885505727
245.75,0.19536218885505338
245.76,0.1903621888550495
245.77,0.1853621888550456
245.78,0.1803621888550417
245.79,0.17536218885503782
245.8,0.17036218885503393
245.81,0.16536218885503004
245.82,0.16036218885502615
245.83,0.15536218885502226
245.84,0.15036218885501837
245.85,0.1453621888550147
245.86,0.1403621888550111
245.87,0.13536218885500748
245.88,0.13036218885500386
245.89,0.12536218885500025
245.9,0.12036218885499664
245.91,0.11536218885499303
245.92,0.11036218885498941
245.93,0.1053621888549858
245.94,0.10036218885498219
245.95,0.09536218885497857
245.96,0.09036218885497496
245.97,0.08536218885497138
245.98,0.0803621888549679
245.99,0.07536218885496443
246.0,0.07036218885496096
246.01,0.06536218885495748
246.02,0.06036218885495401
246.03,0.055362188854950534
246.04,0.05036218885494712
246.05,0.04536218885494372
246.06,0.0408259699693862
246.07,0.03674337297238863
246.08,0.033069035675097724
246.09,0.029762132107541365
246.1,0.026785918896745278
246.11,0.024107327007032858
246.12,0.021696594306295294
246.13,0.019526934875634706
246.14,0.01757424138804307
246.15,0.015816817249213196
246.16,0.014235135524268635
246.17,0.012811621971820623
246.18,0.011530459774619282
246.19,0.010377413797139759
246.2,0.009339672417409703
246.21,0.008405705175654019
246.22,0.007565134658075122
246.23,0.006808621192255214
246.24,0.006127759073018287
246.25,0.00551498316570594
246.26,0.0049634848491256255
246.27,0.004467136364204062
246.28,0.004020422727775301
246.29,0.0036183804549899967
246.3,0.003256542409483746
246.31,0.00293088816852859
246.32,0.002637799351669374
246.33,0.002374019416496458
246.34,0.002136617474841177
246.35,0.0019229557273517327
246.36,0.0017306601546115091
246.37,0.0015575941391455575
246.38,0.001401834725226425
246.39,0.001261651252699408
246.4,0.001135486127425274
246.41,0.0010219375146787166
246.42,0.0009197437632069622
246.43,0.0008277693868825156
246.44,0.0007449924481906327
246.45,0.000670493203368045
246.46,0.0006034438830278127
246.47,0.0005430994947216904
246.48,0.0004887895452462584
246.49,0.00043991059071843983
246.5,0.00039591953164346645
246.51,0.0003563275784760473
246.52,0.00032069482062542135
246.53,0.005320694819989535
246.54,0.010320694820013148
246.55,0.015320694820019283
246.56,0.020320527190969218
246.57,0.02531978021069941
246.58,0.03031875081283419
246.59,0.03531762219414629
246.6,0.04031645792391727
246.61,0.04531528007382817
246.62,0.05031409631964391
246.63,0.05531290934317184
246.64,0.06031172009386598
246.65,0.06531052892023029
246.66,0.07030933596225689
246.67,0.07530814128753643
246.68,0.08030694493846206
246.69,0.08530574694859905
246.7,0.09030454734836126
246.71,0.09530334616697976
246.72,0.10030214343318553
246.73,0.10530093917544674
246.74,0.1102997334220513
246.75,0.11529852620113583
246.76,0.12029731754069609
246.77,0.12529610746859104
246.78,0.13029489601254474
246.79,0.13529368320014698
246.8,0.14029246905885467
246.81,0.14529125361599193
246.82,0.1502900368987511
246.83,0.15528881893419308
246.84,0.16028759974924825
246.85,0.1652863793707169
246.86,0.17028515782526993
246.87,0.1752839351394494
246.88,0.1802827113396694
246.89,0.18528148645221654
246.9,0.19028026050325056
246.91,0.195279033518805
246.92,0.20027780552478786
246.93,0.20527657654698228
246.94,0.21027534661104721
246.95,0.21527411574251787
246.96,0.22027288396680664
246.97,0.22527165130920374
246.98,0.23027041779487767
246.99,0.23526918344887598
247.0,0.24026794829612594
247.01,0.24526671236143524
247.02,0.2502654756694924
247.03,0.2552642382448677
247.04,0.26026300011201403
247.05,0.26526176129526696
247.06,0.27026052181884597
247.07,0.2752592817068548
247.08,0.28025804098328216
247.09,0.28525679967200246
247.1,0.2902555577967765
247.11,0.2952543153812519
247.12,0.3002530724489641
247.13,0.30525182902333686
247.14,0.310250585127683
247.15,0.31524934078520456
247.16,0.3202480960189946
247.17,0.32524685085203686
247.18,0.3302456053072067
247.19,0.33524435940727176
247.2,0.34024311317489286
247.21,0.34524186663262424
247.22,0.35024061980291454
247.23,0.35523937270810746
247.24,0.3602381253704422
247.25,0.3652368778120542
247.26,0.37023563005497606
247.27,0.3752343821211378
247.28,0.3802331340323677
247.29,0.38523188581039314
247.3,0.39023063747684084
247.31,0.39522938905323773
247.32,0.40022814056101197
247.33,0.4052268920214929
247.34,0.41022564345591245
247.35,0.4152243948854049
247.36,0.4202231463310083
247.37,0.4252218978136647
247.38,0.43022064935422105
247.39,0.43521940097342954
247.4,0.44021815269194847
247.41,0.4452169045303429
247.42,0.45021565650908524
247.43,0.4552144086485559
247.44,0.4602131609690437
247.45,0.4652119134907468
247.46,0.4702106662337732
247.47,0.47520941921814147
247.48,0.4802081724637815
247.49,0.48520692599053467
247.5,0.4902056798181548
247.51,0.4952044339663089
247.52,0.5002031884545773
247.53,0.5052019433024553
247.54,0.5102006985293515
247.55,0.5151994541545913
247.56,0.5201982101974164
247.57,0.5251969666769846
247.58,0.5301957236123708
247.59,0.5351944810225685
247.6,0.5401932389264892
247.61,0.5451919973429641
247.62,0.5501907562907435
247.63,0.5551895157884985
247.64,0.5601882758548211
247.65,0.5651870365082247
247.66,0.5701857977671446
247.67,0.5751845596499393
247.68,0.5801833221748905
247.69,0.5851820853602038
247.7,0.5901808492240088
247.71,0.5951796137843609
247.72,0.6001783790592407
247.73,0.6051771450665552
247.74,0.6101759118241382
247.75,0.6151746793497509
247.76,0.6201734476610822
247.77,0.62517221677575
247.78,0.6301709867113008
247.79,0.6351697574852109
247.8,0.6401685291148872
247.81,0.645167301617667
247.82,0.6501660750108188
247.83,0.6551508830468336
247.84,0.6596357947422408
247.85,0.6636722152680918
247.86,0.667304993741348
247.87,0.670574494367271
247.88,0.6735170449305953
247.89,0.6761653404375817
247.9,0.6785488063938642
247.91,0.6806939257545142
247.92,0.6826245331790949
247.93,0.6843620798612138
247.94,0.6859258718751177
247.95,0.6873332846876282
247.96,0.6885999562188849
247.97,0.6897399605970136
247.98,0.6907659645373272
247.99,0.6916893680836074
248.0,0.6925204312752579
248.01,0.6932683881477416
248.02,0.6939415493329755
248.03,0.6945473943996848
248.04,0.695092654959722
248.05,0.6955833894637543
248.06,0.6960250505173824
248.07,0.6964225454656469
248.08,0.6967802909190841
248.09,0.6971022618271769
248.1,0.6973920356444598
248.11,0.6976528320800139
248.12,0.6978875488720121
248.13,0.69809879398481
248.14,0.6982889145863277
248.15,0.6984600231276933
248.16,0.6986140208149219
248.17,0.6987526187334274
248.18,0.6988773568600819
248.19,0.6989896211740709
248.2,0.6990906590566608
248.21,0.6991815931509915
248.22,0.6992634338358891
248.23,0.6993370904522966
248.24,0.6994033814070632
248.25,0.6994630432663532
248.26,0.6995167389397139
248.27,0.6995650650457387
248.28,0.6996085585411606
248.29,0.6996477026870405
248.3,0.6996829324183325
248.31,0.6946829324193321
248.32,0.689682932419262
248.33,0.684682932419234
248.34,0.6796829324192206
248.35,0.6746829324192123
248.36,0.6696829324192058
248.37,0.6646829324191997
248.38,0.6596829324191936
248.39,0.6546829324191875
248.4,0.6496829324191824
248.41,0.6446829324191774
248.42,0.6396829324191724
248.43,0.6346829324191674
248.44,0.6296829324191624
248.45,0.6246829324191574
248.46,0.6196829324191524
248.47,0.6146829324191474
248.48,0.6096829324191424
248.49,0.6046829324191374
248.5,0.5996829324191324
248.51,0.5946829324191274
248.52,0.5896829324191224
248.53,0.5846829324191174
248.54,0.5796829324191124
248.55,0.5746829324191074
248.56,0.5696829324191024
248.57,0.5646829324190974
248.58,0.5596829324190924
248.59,0.5546829324190874
248.6,0.5496829324190824
248.61,0.5446829324190774
248.62,0.5396829324190724
248.63,0.5346829324190674
248.64,0.5296829324190624
248.65,0.5246829324190574
248.66,0.5196829324190524
248.67,0.5146829324190474
248.68,0.5096829324190424
248.69,0.5046829324190374
248.7,0.4996829324190324
248.71,0.4946829324190274
248.72,0.4896829324190224
248.73,0.4846829324190174
248.74,0.4796829324190124
248.75,0.4746829324190074
248.76,0.4696829324190024
248.77,0.4646829324189974
248.78,0.4596829324189924
248.79,0.4546829324189874
248.8,0.4496829324189824
248.81,0.4446829324189774
248.82,0.4396829324189724
248.83,0.4346829324189674
248.84,0.4296829324189624
248.85,0.4246829324189574
248.86,0.41968293241895294
248.87,0.4146829324189485
248.88,0.40968293241894405
248.89,0.4046829324189396
248.9,0.39968293241893516
248.91,0.3946829324189307
248.92,0.38968293241892626
248.93,0.3846829324189218
248.94,0.3796829324189174
248.95,0.37468293241891293
248.96,0.3696829324189085
248.97,0.36468293241890404
248.98,0.3596829324188996
248.99,0.35468293241889515
249.0,0.3496829324188907
249.01,0.34468293241888626
249.02,0.3396829324188818
249.03,0.33468293241887737
249.04,0.3296829324188729
249.05,0.3246829324188685
249.06,0.31968293241886403
249.07,0.3146829324188596
249.08,0.30968293241885514
249.09,0.3046829324188507
249.1,0.29968293241884625
249.11,0.2946829324188418
249.12,0.28968293241883736
249.13,0.2846829324188329
249.14,0.27968293241882847
249.15,0.274682932418824
249.16,0.2696829324188196
249.17,0.2646829324188157
249.18,0.2596829324188118
249.19,0.2546829324188079
249.2,0.249682932418804
249.21,0.24468293241879982
249.22,0.23968293241879565
249.23,0.23468293241879148
249.24,0.22968293241878734
249.25,0.22468293241878345
249.26,0.21968293241877956
249.27,0.21468293241877567
249.28,0.20968293241877178
249.29,0.2046829324187679
249.3,0.199682932418764
249.31,0.1946829324187601
249.32,0.18968293241875622
249.33,0.18468293241875233
249.34,0.17968293241874844
249.35,0.17468293241874455
249.36,0.16968293241874066
249.37,0.16468293241873677
249.38,0.15968293241873288
249.39,0.154682932418729
249.4,0.1496829324187251
249.41,0.14468293241872143
249.42,0.13968293241871782
249.43,0.1346829324187142
249.44,0.1296829324187106
249.45,0.12468293241870698
249.46,0.11968293241870337
249.47,0.11468293241869976
249.48,0.10968293241869614
249.49,0.10468293241869253
249.5,0.09968293241868892
249.51,0.0946829324186853
249.52,0.0896829324186817
249.53,0.08468293241867814
249.54,0.07968293241867466
249.55,0.07468293241867119
249.56,0.06968293241866771
249.57,0.06468293241866424
249.58,0.05968293241866077
249.59,0.0546829324186573
249.6,0.049682932418653895
249.61,0.044714639176781
249.62,0.0402431752590357
249.63,0.0362188577330743
249.64,0.03259697195971566
249.65,0.029337274763698195
249.66,0.026403547287287013
249.67,0.02376319255852094
249.68,0.021386873302635025
249.69,0.019248185972340886
249.7,0.01732336737507901
249.71,0.015591030637545876
249.72,0.014031927573768347
249.73,0.01262873481637063
249.74,0.011365861334714528
249.75,0.0102292752012257
249.76,0.009206347681087246
249.77,0.008285712912963978
249.78,0.007457141621654242
249.79,0.006711427459476563
249.8,0.006040284713517629
249.81,0.005436256242155462
249.82,0.004892630617930299
249.83,0.004403367556128361
249.84,0.003963030800507253
249.85,0.0035667277204488286
249.86,0.003210054948396762
249.87,0.0028890494535503655
249.88,0.002600144508189025
249.89,0.0023401300573641943
249.9,0.0021061170516221838
249.91,0.001895505346454678
249.92,0.0017059548118041952
249.93,0.0015353593306190064
249.94,0.001381823397552558
249.95,0.0012436410577929533
249.96,0.001119276952009488
249.97,0.0010073492568045302
249.98,0.0009066143311202131
249.99,0.0008159528980044582
250.0,0.0007343576082003963
250.01,0.0006609218473768463
250.02,0.0005948296626357464
250.03,0.0005353466963688421
250.04,0.00048181202672870494
250.05,0.00043363082405265083
250.06,0.0003902677416442644
250.07,0.00035124096747677275
250.08,0.0003161168707260807
250.09,0.00028450518365050344
250.1,0.00025605466528252473
