sim_t,phase,wrist_x,wrist_y,wrist_z,box_x,box_y,box_z,rel_drift_mm,rel_drift_deg,box_lin_speed,box_ang_speed
664.7000,pre,0.492167,0.133384,0.487797,0.512167,0.118384,0.460800,0.000,0.000,0.0000,0.0000
664.7000,pre,0.492167,0.133384,0.487797,0.512167,0.118384,0.460800,0.000,0.000,0.0000,0.0000
664.7000,pre,0.492167,0.133384,0.487797,0.512167,0.118384,0.460800,0.000,0.000,0.0000,0.0000
664.7000,pre,0.492167,0.133384,0.487797,0.512167,0.118384,0.460800,0.000,0.000,0.0000,0.0000
664.7000,pre,0.492167,0.133384,0.487797,0.512167,0.118384,0.460800,0.000,0.000,0.0000,0.0000
664.7000,pre,0.492167,0.133384,0.487797,0.512167,0.118384,0.460800,0.000,0.000,0.0000,0.0000
664.7000,pre,0.492167,0.133384,0.487797,0.512167,0.118384,0.460800,0.000,0.000,0.0000,0.0000
664.7000,pre,0.492167,0.133384,0.487797,0.512167,0.118384,0.460800,0.000,0.000,0.0000,0.0000
664.7000,pre,0.492167,0.133384,0.487797,0.512167,0.118384,0.460800,0.000,0.000,0.0000,0.0000
664.7000,pre,0.492167,0.133384,0.487797,0.512167,0.118384,0.460800,0.000,0.000,0.0000,0.0000
664.8000,pre,0.492167,0.133384,0.487797,0.512167,0.118384,0.460800,0.000,0.000,0.0000,0.0000
664.8000,pre,0.492167,0.133384,0.487797,0.512167,0.118384,0.460800,0.000,0.000,0.0000,0.0000
664.8000,pre,0.492167,0.133384,0.487797,0.512167,0.118384,0.460800,0.000,0.000,0.0000,0.0000
664.8000,pre,0.492167,0.133384,0.487797,0.512167,0.118384,0.460800,0.000,0.000,0.0000,0.0000
664.8000,pre,0.492167,0.133384,0.487797,0.512167,0.118384,0.460800,0.000,0.000,0.0000,0.0000
664.8000,pre,0.492167,0.133384,0.487797,0.512167,0.118384,0.460800,0.000,0.000,0.0000,0.0000
664.8000,pre,0.492167,0.133384,0.487797,0.512167,0.118384,0.460800,0.000,0.000,0.0000,0.0000
664.8000,pre,0.492167,0.133384,0.487797,0.512167,0.118384,0.460800,0.000,0.000,0.0000,0.0000
664.8000,pre,0.492167,0.133384,0.487797,0.512167,0.118384,0.460800,0.000,0.000,0.0000,0.0000
664.8000,pre,0.492167,0.133384,0.487797,0.512167,0.118384,0.460800,0.000,0.000,0.0000,0.0000
664.9000,held,0.492167,0.133384,0.487797,0.512167,0.118384,0.460800,0.000,0.000,0.0000,0.0000
664.9000,held,0.492166,0.133385,0.487797,0.512167,0.118386,0.460799,0.000,0.000,0.0096,0.0261
664.9000,held,0.492166,0.133385,0.487797,0.512167,0.118386,0.460799,0.000,0.000,0.0096,0.0262
664.9000,held,0.492166,0.133385,0.487797,0.512167,0.118386,0.460799,0.000,0.000,0.0096,0.0262
664.9000,held,0.492166,0.133385,0.487797,0.512167,0.118386,0.460799,0.000,0.000,0.0096,0.0262
664.9000,held,0.492166,0.133385,0.487797,0.512167,0.118386,0.460799,0.000,0.000,0.0096,0.0262
664.9000,held,0.492166,0.133385,0.487797,0.512167,0.118386,0.460799,0.000,0.000,0.0096,0.0262
664.9000,held,0.492166,0.133385,0.487797,0.512167,0.118386,0.460799,0.000,0.000,0.0096,0.0262
664.9000,held,0.492166,0.133385,0.487797,0.512167,0.118386,0.460799,0.000,0.000,0.0096,0.0262
664.9000,held,0.492166,0.133385,0.487797,0.512167,0.118386,0.460799,0.000,0.000,0.0096,0.0262
665.0000,held,0.492166,0.133385,0.487797,0.512167,0.118386,0.460799,0.000,0.000,0.0096,0.0262
665.0000,held,0.492159,0.133425,0.487769,0.512102,0.118435,0.460806,0.065,0.075,0.0112,0.2151
665.0000,held,0.492097,0.133428,0.487750,0.511997,0.118442,0.460821,0.122,0.155,0.0056,0.1707
665.0000,held,0.492004,0.133422,0.487782,0.511953,0.118437,0.460833,0.072,0.098,0.0258,0.4407
665.0000,held,0.491866,0.133417,0.487907,0.511876,0.118406,0.460933,0.008,0.011,0.0110,0.0372
665.0000,held,0.491680,0.133416,0.488108,0.511709,0.118400,0.461142,0.001,0.001,0.0098,0.0207
665.0000,held,0.491448,0.133416,0.488380,0.511495,0.118395,0.461429,0.000,0.000,0.0097,0.0244
665.0000,held,0.491173,0.133416,0.488722,0.511240,0.118391,0.461788,0.000,0.000,0.0097,0.0253
665.0000,held,0.490854,0.133415,0.489131,0.510946,0.118388,0.462217,0.000,0.000,0.0097,0.0257
665.0000,held,0.490494,0.133415,0.489606,0.510614,0.118384,0.462715,0.000,0.000,0.0096,0.0259
665.1000,held,0.490092,0.133414,0.490145,0.510243,0.118381,0.463279,0.000,0.000,0.0096,0.0260
665.1000,held,0.489649,0.133414,0.490747,0.509835,0.118377,0.463909,0.000,0.000,0.0096,0.0261
665.1000,held,0.489166,0.133414,0.491410,0.509390,0.118374,0.464601,0.000,0.000,0.0096,0.0261
665.1000,held,0.488645,0.133413,0.492131,0.508909,0.118371,0.465355,0.000,0.000,0.0096,0.0262
665.1000,held,0.488085,0.133413,0.492910,0.508393,0.118369,0.466169,0.000,0.000,0.0096,0.0262
665.1000,held,0.487487,0.133412,0.493745,0.507843,0.118366,0.467040,0.000,0.000,0.0096,0.0262
665.1000,held,0.486853,0.133412,0.494633,0.507258,0.118363,0.467968,0.000,0.000,0.0096,0.0262
665.1000,held,0.486182,0.133411,0.495574,0.506640,0.118361,0.468950,0.000,0.000,0.0096,0.0263
665.1000,held,0.485476,0.133411,0.496564,0.505989,0.118359,0.469985,0.000,0.000,0.0097,0.0263
665.1000,held,0.484735,0.133410,0.497604,0.505306,0.118357,0.471070,0.000,0.000,0.0097,0.0263
665.2000,held,0.483960,0.133410,0.498691,0.504591,0.118355,0.472204,0.000,0.000,0.0097,0.0263
665.2000,held,0.483151,0.133410,0.499823,0.503845,0.118353,0.473386,0.000,0.000,0.0097,0.0264
665.2000,held,0.482310,0.133409,0.500998,0.503069,0.118351,0.474613,0.000,0.000,0.0097,0.0264
665.2000,held,0.481436,0.133409,0.502215,0.502263,0.118349,0.475884,0.000,0.000,0.0097,0.0264
665.2000,held,0.480532,0.133408,0.503472,0.501428,0.118348,0.477196,0.000,0.000,0.0097,0.0265
665.2000,held,0.479596,0.133408,0.504767,0.500564,0.118347,0.478549,0.000,0.000,0.0097,0.0265
665.2000,held,0.478631,0.133407,0.506099,0.499672,0.118345,0.479940,0.000,0.000,0.0097,0.0265
665.2000,held,0.477637,0.133407,0.507466,0.498753,0.118344,0.481368,0.000,0.000,0.0097,0.0266
665.2000,held,0.476614,0.133407,0.508866,0.497806,0.118343,0.482830,0.000,0.000,0.0097,0.0266
665.2000,held,0.475563,0.133406,0.510297,0.496834,0.118342,0.484326,0.000,0.000,0.0097,0.0267
665.3000,held,0.474486,0.133406,0.511757,0.495837,0.118341,0.485853,0.000,0.000,0.0097,0.0267
665.3000,held,0.473382,0.133406,0.513246,0.494815,0.118341,0.487409,0.000,0.000,0.0097,0.0267
665.3000,held,0.472253,0.133405,0.514761,0.493768,0.118340,0.488993,0.000,0.000,0.0097,0.0268
665.3000,held,0.471099,0.133405,0.516300,0.492698,0.118340,0.490603,0.000,0.000,0.0097,0.0269
665.3000,held,0.469922,0.133404,0.517863,0.491606,0.118339,0.492237,0.000,0.000,0.0097,0.0269
665.3000,held,0.468721,0.133404,0.519446,0.490492,0.118339,0.493894,0.000,0.000,0.0097,0.0270
665.3000,held,0.467498,0.133404,0.521050,0.489356,0.118339,0.495571,0.000,0.000,0.0097,0.0270
665.3000,held,0.466255,0.133403,0.522671,0.488201,0.118338,0.497268,0.000,0.000,0.0097,0.0271
665.3000,held,0.464990,0.133403,0.524308,0.487025,0.118338,0.498982,0.000,0.000,0.0097,0.0272
665.3000,held,0.463706,0.133402,0.525960,0.485831,0.118338,0.500712,0.000,0.000,0.0097,0.0272
665.4000,held,0.462404,0.133402,0.527624,0.484619,0.118338,0.502456,0.000,0.000,0.0097,0.0273
665.4000,held,0.461084,0.133402,0.529301,0.483390,0.118338,0.504213,0.000,0.000,0.0097,0.0274
665.4000,held,0.459747,0.133401,0.530987,0.482144,0.118339,0.505980,0.000,0.000,0.0097,0.0274
665.4000,held,0.458394,0.133401,0.532681,0.480883,0.118339,0.507756,0.000,0.000,0.0097,0.0275
665.4000,held,0.457027,0.133400,0.534382,0.479608,0.118339,0.509540,0.000,0.000,0.0097,0.0276
665.4000,held,0.455646,0.133399,0.536088,0.478320,0.118339,0.511330,0.000,0.000,0.0097,0.0277
665.4000,held,0.454253,0.133399,0.537798,0.477018,0.118339,0.513124,0.000,0.000,0.0097,0.0277
665.4000,held,0.452847,0.133398,0.539510,0.475706,0.118340,0.514921,0.000,0.000,0.0097,0.0278
665.4000,held,0.451432,0.133397,0.541222,0.474382,0.118340,0.516719,0.000,0.000,0.0098,0.0279
665.4000,held,0.450007,0.133396,0.542933,0.473050,0.118340,0.518516,0.000,0.000,0.0098,0.0280
665.5000,held,0.448574,0.133395,0.544642,0.471708,0.118339,0.520312,0.000,0.000,0.0098,0.0281
665.5000,held,0.447133,0.133393,0.546348,0.470360,0.118339,0.522104,0.000,0.000,0.0098,0.0281
665.5000,held,0.445688,0.133390,0.548048,0.469006,0.118337,0.523892,0.000,0.000,0.0098,0.0282
665.5000,held,0.444236,0.133391,0.549741,0.467645,0.118339,0.525672,0.000,0.000,0.0098,0.0283
665.5000,held,0.442782,0.133389,0.551426,0.466281,0.118338,0.527445,0.000,0.000,0.0098,0.0284
665.5000,held,0.441322,0.133396,0.553102,0.464912,0.118346,0.529209,0.000,0.000,0.0098,0.0285
665.5000,held,0.439860,0.133406,0.554767,0.463540,0.118358,0.530962,0.000,0.000,0.0098,0.0286
665.5000,held,0.438392,0.133440,0.556420,0.462162,0.118396,0.532703,0.000,0.000,0.0098,0.0286
665.5000,held,0.436945,0.133407,0.558060,0.460802,0.118362,0.534430,0.000,0.000,0.0098,0.0287
665.5000,held,0.435496,0.133393,0.559684,0.459439,0.118348,0.536142,0.000,0.000,0.0098,0.0288
665.6000,held,0.434042,0.133406,0.561293,0.458071,0.118364,0.537837,0.000,0.000,0.0098,0.0289
665.6000,held,0.432602,0.133391,0.562884,0.456716,0.118349,0.539515,0.000,0.000,0.0098,0.0290
665.6000,held,0.431160,0.133406,0.564457,0.455359,0.118366,0.541174,0.000,0.000,0.0098,0.0291
665.6000,held,0.429731,0.133407,0.566010,0.454013,0.118369,0.542813,0.000,0.000,0.0098,0.0292
665.6000,held,0.428314,0.133397,0.567542,0.452678,0.118360,0.544430,0.000,0.000,0.0098,0.0292
665.6000,held,0.426892,0.133440,0.569052,0.451338,0.118407,0.546024,0.000,0.000,0.0099,0.0293
665.6000,held,0.425507,0.133406,0.570538,0.450031,0.118372,0.547594,0.000,0.000,0.0099,0.0294
665.6000,held,0.424128,0.133396,0.572000,0.448730,0.118363,0.549138,0.000,0.000,0.0099,0.0295
665.6000,held,0.422749,0.133436,0.573436,0.447428,0.118407,0.550656,0.000,0.000,0.0099,0.0296
665.6000,held,0.421409,0.133405,0.574845,0.446163,0.118376,0.552146,0.000,0.000,0.0099,0.0296
665.7000,held,0.420068,0.133436,0.576226,0.444897,0.118410,0.553607,0.000,0.000,0.0099,0.0297
665.7000,held,0.418770,0.133393,0.577578,0.443669,0.118367,0.555037,0.000,0.000,0.0099,0.0298
665.7000,held,0.417481,0.133393,0.578900,0.442450,0.118367,0.556436,0.000,0.000,0.0099,0.0298
665.7000,held,0.416209,0.133407,0.580191,0.441248,0.118384,0.557802,0.000,0.000,0.0099,0.0299
665.7000,held,0.414967,0.133407,0.581449,0.440072,0.118385,0.559134,0.000,0.000,0.0099,0.0300
665.7000,held,0.413751,0.133407,0.582674,0.438921,0.118387,0.560432,0.000,0.000,0.0099,0.0300
665.7000,held,0.412562,0.133407,0.583864,0.437796,0.118388,0.561693,0.000,0.000,0.0099,0.0301
665.7000,held,0.411403,0.133407,0.585019,0.436698,0.118389,0.562917,0.000,0.000,0.0099,0.0302
665.7000,held,0.410274,0.133406,0.586137,0.435628,0.118390,0.564102,0.000,0.000,0.0099,0.0302
665.7000,held,0.409178,0.133406,0.587218,0.434589,0.118391,0.565248,0.000,0.000,0.0099,0.0303
665.8000,held,0.408116,0.133406,0.588260,0.433582,0.118392,0.566354,0.000,0.000,0.0099,0.0303
665.8000,held,0.407089,0.133406,0.589263,0.432608,0.118393,0.567417,0.000,0.000,0.0099,0.0304
665.8000,held,0.406099,0.133405,0.590225,0.431670,0.118394,0.568438,0.000,0.000,0.0100,0.0304
665.8000,held,0.405147,0.133405,0.591145,0.430767,0.118395,0.569415,0.000,0.000,0.0100,0.0305
665.8000,held,0.404236,0.133405,0.592023,0.429902,0.118396,0.570347,0.000,0.000,0.0100,0.0305
665.8000,held,0.403367,0.133405,0.592857,0.429077,0.118396,0.571233,0.000,0.000,0.0100,0.0305
665.8000,held,0.402541,0.133404,0.593647,0.428293,0.118397,0.572071,0.000,0.000,0.0100,0.0306
665.8000,held,0.401760,0.133404,0.594390,0.427551,0.118398,0.572862,0.000,0.000,0.0100,0.0306
665.8000,held,0.401025,0.133404,0.595088,0.426854,0.118399,0.573603,0.000,0.000,0.0100,0.0307
665.8000,held,0.400339,0.133404,0.595737,0.426201,0.118399,0.574293,0.000,0.000,0.0100,0.0307
665.9000,held,0.399702,0.133404,0.596338,0.425596,0.118400,0.574932,0.000,0.000,0.0100,0.0307
665.9000,held,0.399116,0.133403,0.596889,0.425039,0.118400,0.575518,0.000,0.000,0.0100,0.0307
665.9000,held,0.398583,0.133403,0.597390,0.424533,0.118401,0.576050,0.000,0.000,0.0100,0.0308
665.9000,held,0.398104,0.133403,0.597839,0.424077,0.118401,0.576527,0.000,0.000,0.0100,0.0308
665.9000,held,0.397680,0.133403,0.598234,0.423675,0.118402,0.576948,0.000,0.000,0.0100,0.0308
665.9000,held,0.397314,0.133403,0.598576,0.423327,0.118402,0.577311,0.000,0.000,0.0100,0.0308
665.9000,held,0.397007,0.133403,0.598863,0.423034,0.118402,0.577616,0.000,0.000,0.0100,0.0308
665.9000,held,0.396759,0.133403,0.599093,0.422799,0.118403,0.577861,0.000,0.000,0.0100,0.0308
665.9000,held,0.396573,0.133402,0.599266,0.422622,0.118403,0.578045,0.000,0.000,0.0100,0.0308
665.9000,held,0.396450,0.133402,0.599380,0.422505,0.118403,0.578167,0.000,0.000,0.0100,0.0308
666.0000,held,0.396391,0.133402,0.599435,0.422449,0.118403,0.578225,0.000,0.000,0.0100,0.0308
666.0000,held,0.396376,0.133428,0.599464,0.422435,0.118430,0.578255,0.000,0.000,0.0100,0.0308
666.0000,held,0.396326,0.133552,0.599610,0.422392,0.118556,0.578408,0.000,0.000,0.0100,0.0308
666.0000,held,0.396238,0.133773,0.599887,0.422316,0.118780,0.578697,0.000,0.000,0.0100,0.0308
666.0000,held,0.396109,0.134094,0.600292,0.422204,0.119107,0.579120,0.000,0.000,0.0100,0.0308
666.0000,held,0.395938,0.134516,0.600825,0.422056,0.119534,0.579677,0.000,0.000,0.0100,0.0308
666.0000,held,0.395726,0.135036,0.601483,0.421872,0.120063,0.580364,0.000,0.000,0.0100,0.0308
666.0000,held,0.395471,0.135653,0.602265,0.421652,0.120690,0.581181,0.000,0.000,0.0100,0.0308
666.0000,held,0.395175,0.136366,0.603169,0.421394,0.121414,0.582125,0.000,0.000,0.0100,0.0308
666.0000,held,0.394836,0.137172,0.604192,0.421099,0.122233,0.583194,0.000,0.000,0.0100,0.0308
666.1000,held,0.394453,0.138071,0.605334,0.420764,0.123147,0.584386,0.000,0.000,0.0100,0.0307
666.1000,held,0.394025,0.139061,0.606592,0.420391,0.124153,0.585700,0.000,0.000,0.0100,0.0307
666.1000,held,0.393552,0.140139,0.607964,0.419976,0.125250,0.587133,0.000,0.000,0.0100,0.0307
666.1000,held,0.393033,0.141304,0.609449,0.419520,0.126435,0.588683,0.000,0.000,0.0100,0.0307
666.1000,held,0.392466,0.142554,0.611045,0.419020,0.127707,0.590349,0.000,0.000,0.0101,0.0307
666.1000,held,0.391850,0.143886,0.612750,0.418476,0.129064,0.592129,0.000,0.000,0.0101,0.0306
666.1000,held,0.391184,0.145300,0.614561,0.417886,0.130504,0.594020,0.000,0.000,0.0101,0.0306
666.1000,held,0.390467,0.146793,0.616478,0.417249,0.132025,0.596021,0.000,0.000,0.0101,0.0306
666.1000,held,0.389697,0.148363,0.618498,0.416562,0.133626,0.598129,0.000,0.000,0.0101,0.0306
666.1000,held,0.388872,0.150008,0.620619,0.415825,0.135303,0.600342,0.000,0.000,0.0101,0.0306
666.2000,held,0.387991,0.151725,0.622839,0.415036,0.137056,0.602659,0.000,0.000,0.0101,0.0306
666.2000,held,0.387052,0.153513,0.625157,0.414192,0.138881,0.605077,0.000,0.000,0.0101,0.0306
666.2000,held,0.386054,0.155369,0.627570,0.413292,0.140777,0.607595,0.000,0.000,0.0101,0.0306
666.2000,held,0.384996,0.157290,0.630077,0.412335,0.142741,0.610209,0.000,0.000,0.0101,0.0306
666.2000,held,0.383874,0.159275,0.632675,0.411318,0.144771,0.612919,0.000,0.000,0.0102,0.0306
666.2000,held,0.382689,0.161320,0.635363,0.410240,0.146864,0.615721,0.000,0.000,0.0102,0.0307
666.2000,held,0.381437,0.163424,0.638138,0.409099,0.149019,0.618614,0.000,0.000,0.0102,0.0307
666.2000,held,0.380117,0.165583,0.640998,0.407892,0.151231,0.621596,0.000,0.000,0.0102,0.0307
666.2000,held,0.378729,0.167795,0.643942,0.406619,0.153500,0.624664,0.000,0.000,0.0102,0.0308
666.2000,held,0.377269,0.170058,0.646967,0.405277,0.155822,0.627816,0.000,0.000,0.0102,0.0309
666.3000,held,0.375736,0.172367,0.650071,0.403864,0.158194,0.631050,0.000,0.000,0.0102,0.0309
666.3000,held,0.374129,0.174721,0.653252,0.402380,0.160614,0.634364,0.000,0.000,0.0103,0.0310
666.3000,held,0.372447,0.177117,0.656508,0.400821,0.163079,0.637754,0.000,0.000,0.0103,0.0311
666.3000,held,0.370687,0.179551,0.659837,0.399187,0.165585,0.641220,0.000,0.000,0.0103,0.0313
666.3000,held,0.368848,0.182020,0.663236,0.397476,0.168130,0.644759,0.000,0.000,0.0103,0.0314
666.3000,held,0.366929,0.184522,0.666704,0.395685,0.170711,0.648368,0.000,0.000,0.0103,0.0316
666.3000,held,0.364929,0.187053,0.670238,0.393815,0.173324,0.652045,0.000,0.000,0.0104,0.0305
666.3000,held,0.362846,0.189609,0.673836,0.391863,0.175967,0.655788,0.000,0.000,0.0104,0.0325
666.3000,held,0.360678,0.192188,0.677496,0.389828,0.178635,0.659594,0.000,0.000,0.0104,0.0310
666.3000,held,0.358426,0.194787,0.681215,0.387708,0.181327,0.663461,0.000,0.000,0.0106,0.0342
666.4000,held,0.356088,0.197400,0.684991,0.385505,0.184037,0.667386,0.000,0.000,0.0104,0.0331
666.4000,held,0.353663,0.200026,0.688822,0.383214,0.186764,0.671367,0.000,0.000,0.0105,0.0319
666.4000,held,0.351150,0.202662,0.692706,0.380836,0.189503,0.675402,0.000,0.000,0.0106,0.0351
666.4000,held,0.348548,0.205302,0.696641,0.378370,0.192251,0.679488,0.000,0.000,0.0107,0.0355
666.4000,held,0.345858,0.207944,0.700623,0.375815,0.195005,0.683622,0.000,0.000,0.0107,0.0359
666.4000,held,0.343080,0.210584,0.704650,0.373172,0.197760,0.687802,0.000,0.000,0.0105,0.0339
666.4000,held,0.340210,0.213218,0.708722,0.370437,0.200514,0.692026,0.000,0.000,0.0107,0.0367
666.4000,held,0.337251,0.215843,0.712834,0.367614,0.203262,0.696291,0.000,0.000,0.0106,0.0347
666.4000,held,0.334201,0.218456,0.716984,0.364699,0.206002,0.700595,0.000,0.000,0.0107,0.0376
666.4000,held,0.331063,0.221052,0.721171,0.361695,0.208729,0.704934,0.000,0.000,0.0106,0.0357
666.5000,held,0.327834,0.223628,0.725391,0.358601,0.211439,0.709307,0.000,0.000,0.0106,0.0359
666.5000,held,0.324515,0.226180,0.729643,0.355415,0.214130,0.713711,0.000,0.000,0.0108,0.0389
666.5000,held,0.321108,0.228705,0.733924,0.352141,0.216798,0.718143,0.000,0.000,0.0108,0.0403
666.5000,held,0.317613,0.231198,0.738231,0.348778,0.219437,0.722601,0.000,0.000,0.0107,0.0377
666.5000,held,0.314029,0.233658,0.742563,0.345325,0.222047,0.727083,0.000,0.000,0.0109,0.0414
666.5000,held,0.310360,0.236079,0.746917,0.341785,0.224622,0.731585,0.000,0.000,0.0109,0.0414
666.5000,held,0.306605,0.238458,0.751290,0.338158,0.227159,0.736105,0.000,0.000,0.0109,0.0421
666.5000,held,0.302766,0.240793,0.755679,0.334446,0.229655,0.740641,0.000,0.000,0.0109,0.0434
666.5000,held,0.298844,0.243078,0.760084,0.330650,0.232106,0.745190,0.000,0.000,0.0109,0.0440
666.5000,held,0.294840,0.245312,0.764500,0.326771,0.234509,0.749750,0.000,0.000,0.0110,0.0448
666.6000,held,0.290757,0.247490,0.768927,0.322811,0.236860,0.754319,0.000,0.000,0.0110,0.0455
666.6000,held,0.286595,0.249610,0.773361,0.318771,0.239157,0.758892,0.000,0.000,0.0110,0.0462
666.6000,held,0.282358,0.251668,0.777800,0.314653,0.241396,0.763470,0.000,0.000,0.0110,0.0470
666.6000,held,0.278047,0.253662,0.782241,0.310460,0.243574,0.768048,0.000,0.000,0.0110,0.0478
666.6000,held,0.273664,0.255588,0.786684,0.306193,0.245687,0.772624,0.000,0.000,0.0110,0.0486
666.6000,held,0.269212,0.257444,0.791124,0.301855,0.247734,0.777197,0.000,0.000,0.0110,0.0494
666.6000,held,0.264693,0.259227,0.795560,0.297449,0.249712,0.781763,0.000,0.000,0.0110,0.0502
666.6000,held,0.260109,0.260933,0.799990,0.292976,0.251617,0.786320,0.000,0.000,0.0110,0.0511
666.6000,held,0.255464,0.262562,0.804412,0.288439,0.253447,0.790867,0.000,0.000,0.0110,0.0519
666.6000,held,0.250761,0.264109,0.808822,0.283842,0.255200,0.795400,0.000,0.000,0.0110,0.0528
666.7000,held,0.246002,0.265574,0.813220,0.279186,0.256873,0.799918,0.000,0.000,0.0110,0.0537
666.7000,held,0.241190,0.266954,0.817602,0.274476,0.258465,0.804418,0.000,0.000,0.0111,0.0546
666.7000,held,0.236328,0.268247,0.821967,0.269714,0.259972,0.808899,0.000,0.000,0.0112,0.0556
666.7000,held,0.231417,0.269450,0.826314,0.264899,0.261394,0.813358,0.000,0.000,0.0098,0.0467
666.7000,held,0.226466,0.270564,0.830639,0.260044,0.262729,0.817792,0.000,0.000,0.0098,0.0475
666.7000,held,0.221477,0.271586,0.834939,0.255147,0.263975,0.822200,0.000,0.000,0.0098,0.0479
666.7000,held,0.216456,0.272514,0.839213,0.250216,0.265131,0.826578,0.000,0.000,0.0112,0.0593
666.7000,held,0.211400,0.273348,0.843461,0.245246,0.266195,0.830927,0.000,0.000,0.0111,0.0603
666.7000,held,0.206314,0.274087,0.847680,0.240245,0.267166,0.835245,0.000,0.000,0.0111,0.0612
666.7000,held,0.201198,0.274728,0.851869,0.235211,0.268044,0.839530,0.000,0.000,0.0098,0.0505
666.8000,held,0.196072,0.275274,0.856022,0.230165,0.268828,0.843776,0.000,0.000,0.0111,0.0632
666.8000,held,0.190922,0.275722,0.860142,0.225092,0.269517,0.847986,0.000,0.000,0.0112,0.0641
666.8000,held,0.185755,0.276072,0.864227,0.219999,0.270110,0.852158,0.000,0.000,0.0099,0.0534
666.8000,held,0.180589,0.276326,0.868270,0.214904,0.270609,0.856286,0.000,0.000,0.0111,0.0661
666.8000,held,0.175411,0.276481,0.872276,0.209795,0.271012,0.860374,0.000,0.000,0.0112,0.0670
666.8000,held,0.170226,0.276538,0.876241,0.204677,0.271320,0.864419,0.000,0.000,0.0099,0.0550
666.8000,held,0.165055,0.276500,0.880161,0.199569,0.271533,0.868414,0.000,0.000,0.0111,0.0689
666.8000,held,0.159883,0.276364,0.884038,0.194458,0.271652,0.872365,0.000,0.000,0.0111,0.0697
666.8000,held,0.154716,0.276133,0.887871,0.189348,0.271676,0.876268,0.000,0.000,0.0099,0.0560
666.8000,held,0.149576,0.275809,0.891653,0.184263,0.271609,0.880118,0.000,0.000,0.0111,0.0717
666.9000,held,0.144440,0.275389,0.895390,0.179179,0.271449,0.883921,0.000,0.000,0.0099,0.0606
666.9000,held,0.139337,0.274879,0.899074,0.174126,0.271199,0.887668,0.000,0.000,0.0111,0.0733
666.9000,held,0.134249,0.274278,0.902710,0.169084,0.270859,0.891365,0.000,0.000,0.0099,0.0618
666.9000,held,0.129200,0.273589,0.906292,0.164078,0.270433,0.895004,0.000,0.000,0.0111,0.0750
666.9000,held,0.124173,0.272812,0.909822,0.159092,0.269920,0.898591,0.000,0.000,0.0100,0.0628
666.9000,held,0.119193,0.271951,0.913296,0.154150,0.269323,0.902118,0.000,0.000,0.0110,0.0767
666.9000,held,0.114241,0.271006,0.916717,0.149233,0.268644,0.905590,0.000,0.000,0.0100,0.0638
666.9000,held,0.109343,0.269982,0.920080,0.144368,0.267886,0.909001,0.000,0.000,0.0110,0.0782
666.9000,held,0.104481,0.268879,0.923388,0.139535,0.267049,0.912356,0.000,0.000,0.0100,0.0650
666.9000,held,0.099679,0.267702,0.926637,0.134760,0.266139,0.915648,0.000,0.000,0.0109,0.0798
667.0000,held,0.094919,0.266452,0.929828,0.130024,0.265154,0.918882,0.000,0.000,0.0100,0.0660
667.0000,held,0.090227,0.265133,0.932958,0.125353,0.264102,0.922052,0.000,0.000,0.0109,0.0813
667.0000,held,0.085581,0.263746,0.936031,0.120726,0.262981,0.925163,0.000,0.000,0.0100,0.0666
667.0000,held,0.081010,0.262298,0.939040,0.116171,0.261799,0.928209,0.000,0.000,0.0109,0.0829
667.0000,held,0.076491,0.260788,0.941991,0.111666,0.260553,0.931195,0.000,0.000,0.0099,0.0692
667.0000,held,0.072052,0.259223,0.944878,0.107237,0.259252,0.934114,0.000,0.000,0.0108,0.0839
667.0000,held,0.067669,0.257603,0.947705,0.102863,0.257894,0.936973,0.000,0.000,0.0099,0.0691
667.0000,held,0.063373,0.255936,0.950468,0.098572,0.256489,0.939765,0.000,0.000,0.0108,0.0855
667.0000,held,0.059137,0.254220,0.953170,0.094340,0.255033,0.942495,0.000,0.000,0.0099,0.0702
667.0000,held,0.054993,0.252465,0.955807,0.090197,0.253537,0.945158,0.000,0.000,0.0107,0.0867
667.1000,held,0.050913,0.250670,0.958382,0.086116,0.251998,0.947759,0.000,0.000,0.0099,0.0732
667.1000,held,0.046932,0.248848,0.960891,0.082131,0.250429,0.950291,0.000,0.000,0.0131,0.0905
667.1000,held,0.043021,0.246988,0.963339,0.078215,0.248821,0.952762,0.000,0.000,0.0125,0.1003
667.1000,held,0.039200,0.245104,0.965722,0.074386,0.247186,0.955166,0.000,0.000,0.0131,0.0906
667.1000,held,0.035460,0.243194,0.968042,0.070637,0.245524,0.957506,0.000,0.000,0.0124,0.1010
667.1000,held,0.031813,0.241270,0.970298,0.066979,0.243843,0.959781,0.000,0.000,0.0130,0.0907
667.1000,held,0.028251,0.239330,0.972490,0.063404,0.242144,0.961990,0.000,0.000,0.0125,0.0999
667.1000,held,0.024782,0.237380,0.974617,0.059920,0.240432,0.964135,0.000,0.000,0.0124,0.1001
667.1000,held,0.021405,0.235425,0.976681,0.056527,0.238710,0.966215,0.000,0.000,0.0123,0.1004
667.1000,held,0.018122,0.233469,0.978681,0.053225,0.236984,0.968230,0.000,0.000,0.0123,0.1007
667.2000,held,0.014932,0.231516,0.980617,0.050017,0.235257,0.970180,0.000,0.000,0.0122,0.1010
667.2000,held,0.011838,0.229570,0.982489,0.046902,0.233533,0.972066,0.000,0.000,0.0122,0.1012
667.2000,held,0.008840,0.227636,0.984298,0.043883,0.231815,0.973887,0.000,0.000,0.0121,0.1015
667.2000,held,0.005939,0.225718,0.986043,0.040959,0.230109,0.975645,0.000,0.000,0.0121,0.1018
667.2000,held,0.003135,0.223819,0.987726,0.038132,0.228418,0.977338,0.000,0.000,0.0120,0.1020
667.2000,held,0.000430,0.221945,0.989345,0.035403,0.226746,0.978968,0.000,0.000,0.0120,0.1019
667.2000,held,-0.002177,0.220099,0.990901,0.032772,0.225097,0.980534,0.000,0.000,0.0120,0.1021
667.2000,held,-0.004684,0.218286,0.992394,0.030239,0.223475,0.982037,0.000,0.000,0.0120,0.1023
667.2000,held,-0.007092,0.216509,0.993825,0.027806,0.221883,0.983477,0.000,0.000,0.0119,0.1025
667.2000,held,-0.009399,0.214773,0.995194,0.025474,0.220326,0.984854,0.000,0.000,0.0119,0.1027
667.3000,held,-0.011606,0.213081,0.996500,0.023241,0.218808,0.986168,0.000,0.000,0.0118,0.1029
667.3000,held,-0.013711,0.211437,0.997745,0.021110,0.217331,0.987420,0.000,0.000,0.0118,0.1030
667.3000,held,-0.015715,0.209846,0.998927,0.019081,0.215900,0.988609,0.000,0.000,0.0118,0.1032
667.3000,held,-0.017618,0.208311,1.000048,0.017153,0.214519,0.989737,0.000,0.000,0.0118,0.1029
667.3000,held,-0.019423,0.206830,1.001108,0.015323,0.213184,0.990803,0.000,0.000,0.0095,0.0827
667.3000,held,-0.021114,0.205426,1.002105,0.013608,0.211918,0.991805,0.000,0.000,0.0126,0.0944
667.3000,held,-0.022714,0.204073,1.003042,0.011985,0.210698,0.992748,0.000,0.000,0.0103,0.1045
667.3000,held,-0.024203,0.202807,1.003916,0.010474,0.209555,0.993627,0.000,0.000,0.0125,0.0944
667.3000,held,-0.025601,0.201597,1.004731,0.009054,0.208462,0.994447,0.000,0.000,0.0095,0.0796
667.3000,held,-0.026881,0.200482,1.005482,0.007754,0.207454,0.995202,0.000,0.000,0.0118,0.1058
667.4000,held,-0.028067,0.199432,1.006173,0.006548,0.206505,0.995897,0.000,0.000,0.0094,0.0834
667.4000,held,-0.029139,0.198478,1.006802,0.005458,0.205643,0.996529,0.000,0.000,0.0115,0.1033
667.4000,held,-0.030116,0.197598,1.007370,0.004465,0.204846,0.997100,0.000,0.000,0.0094,0.0827
667.4000,held,-0.030978,0.196819,1.007875,0.003588,0.204141,0.997607,0.000,0.000,0.0114,0.1042
667.4000,held,-0.031743,0.196120,1.008318,0.002810,0.203508,0.998054,0.000,0.000,0.0095,0.0819
667.4000,held,-0.032397,0.195519,1.008699,0.002145,0.202963,0.998436,0.000,0.000,0.0095,0.0803
667.4000,held,-0.032935,0.195024,1.009016,0.001597,0.202516,0.998754,0.000,0.000,0.0114,0.1034
667.4000,held,-0.033368,0.194622,1.009269,0.001156,0.202151,0.999009,0.000,0.000,0.0123,0.0942
667.4000,held,-0.033701,0.194312,1.009460,0.000817,0.201869,0.999201,0.000,0.000,0.0094,0.0839
667.4000,held,-0.033913,0.194111,1.009585,0.000601,0.201688,0.999326,0.000,0.000,0.0101,0.1049
667.5000,held,-0.034013,0.194022,1.009644,0.000499,0.201607,0.999386,0.000,0.000,0.0116,0.1058
667.5000,held,-0.034007,0.194027,1.009638,0.000506,0.201611,0.999380,0.000,0.000,0.0094,0.0821
667.5000,held,-0.033883,0.194141,1.009565,0.000632,0.201715,0.999307,0.000,0.000,0.0094,0.0806
667.5000,held,-0.033640,0.194370,1.009426,0.000879,0.201922,0.999167,0.000,0.000,0.0114,0.1032
667.5000,held,-0.033289,0.194694,1.009224,0.001236,0.202216,0.998963,0.000,0.000,0.0122,0.0943
667.5000,held,-0.032838,0.195110,1.008958,0.001695,0.202593,0.998697,0.000,0.000,0.0094,0.0840
667.5000,held,-0.032268,0.195632,1.008628,0.002275,0.203065,0.998365,0.000,0.000,0.0101,0.1044
667.5000,held,-0.031598,0.196250,1.008235,0.002958,0.203625,0.997970,0.000,0.000,0.0095,0.0816
667.5000,held,-0.030811,0.196968,1.007779,0.003758,0.204276,0.997511,0.000,0.000,0.0115,0.1028
667.5000,held,-0.029929,0.197765,1.007262,0.004656,0.204996,0.996991,0.000,0.000,0.0095,0.0817
667.6000,held,-0.028932,0.198655,1.006682,0.005669,0.205802,0.996408,0.000,0.000,0.0102,0.1045
667.6000,held,-0.027829,0.199640,1.006040,0.006790,0.206693,0.995762,0.000,0.000,0.0123,0.0943
667.6000,held,-0.026635,0.200690,1.005338,0.008003,0.207642,0.995057,0.000,0.000,0.0095,0.0799
667.6000,held,-0.025322,0.201837,1.004573,0.009337,0.208679,0.994287,0.000,0.000,0.0117,0.1051
667.6000,held,-0.023912,0.203052,1.003747,0.010769,0.209776,0.993457,0.000,0.000,0.0116,0.1024
667.6000,held,-0.022403,0.204334,1.002860,0.012300,0.210933,0.992566,0.000,0.000,0.0094,0.0828
667.6000,held,-0.020787,0.205693,1.001912,0.013940,0.212158,0.991612,0.000,0.000,0.0095,0.0826
667.6000,held,-0.019068,0.207117,1.000902,0.015683,0.213443,0.990596,0.000,0.000,0.0095,0.0816
667.6000,held,-0.017247,0.208605,0.999830,0.017529,0.214782,0.989518,0.000,0.000,0.0095,0.0822
667.6000,held,-0.015324,0.210151,0.998697,0.019477,0.216174,0.988378,0.000,0.000,0.0095,0.0820
667.7000,held,-0.013300,0.211753,0.997502,0.021527,0.217614,0.987177,0.000,0.000,0.0095,0.0818
667.7000,held,-0.011174,0.213406,0.996245,0.023678,0.219099,0.985912,0.000,0.000,0.0096,0.0813
667.7000,held,-0.008947,0.215107,0.994927,0.025931,0.220626,0.984585,0.000,0.000,0.0096,0.0813
667.7000,held,-0.006620,0.216852,0.993546,0.028283,0.222190,0.983196,0.000,0.000,0.0096,0.0811
667.7000,held,-0.004193,0.218636,0.992102,0.030736,0.223788,0.981744,0.000,0.000,0.0096,0.0809
667.7000,held,-0.001665,0.220457,0.990596,0.033288,0.225416,0.980228,0.000,0.000,0.0096,0.0808
667.7000,held,0.000961,0.222308,0.989028,0.035939,0.227069,0.978649,0.000,0.000,0.0096,0.0806
667.7000,held,0.003686,0.224188,0.987396,0.038688,0.228746,0.977007,0.000,0.000,0.0096,0.0803
667.7000,held,0.006509,0.226091,0.985701,0.041534,0.230440,0.975301,0.000,0.000,0.0097,0.0799
667.7000,held,0.009430,0.228012,0.983943,0.044477,0.232149,0.973530,0.000,0.000,0.0097,0.0797
667.8000,held,0.012447,0.229949,0.982122,0.047516,0.233867,0.971696,0.000,0.000,0.0097,0.0795
667.8000,held,0.015561,0.231896,0.980237,0.050650,0.235593,0.969798,0.000,0.000,0.0097,0.0792
667.8000,held,0.018769,0.233850,0.978288,0.053877,0.237320,0.967834,0.000,0.000,0.0098,0.0790
667.8000,held,0.022072,0.235806,0.976275,0.057197,0.239045,0.965806,0.000,0.000,0.0098,0.0787
667.8000,held,0.025467,0.237760,0.974199,0.060608,0.240765,0.963714,0.000,0.000,0.0098,0.0784
667.8000,held,0.028954,0.239708,0.972059,0.064110,0.242475,0.961556,0.000,0.000,0.0098,0.0781
667.8000,held,0.032530,0.241644,0.969854,0.067698,0.244170,0.959334,0.000,0.000,0.0098,0.0753
667.8000,held,0.036203,0.243568,0.967585,0.071382,0.245850,0.957045,0.000,0.000,0.0105,0.0887
667.8000,held,0.039951,0.245470,0.965254,0.075139,0.247505,0.954694,0.000,0.000,0.0098,0.0743
667.8000,held,0.043798,0.247353,0.962857,0.078994,0.249137,0.952275,0.000,0.000,0.0106,0.0877
667.9000,held,0.047717,0.249205,0.960397,0.082917,0.250737,0.949793,0.000,0.000,0.0098,0.0732
667.9000,held,0.051731,0.251029,0.957873,0.086934,0.252306,0.947244,0.000,0.000,0.0107,0.0867
667.9000,held,0.055820,0.252822,0.955284,0.091023,0.253842,0.944630,0.000,0.000,0.0124,0.0970
667.9000,held,0.059990,0.254571,0.952633,0.095192,0.255332,0.941952,0.000,0.000,0.0130,0.0903
667.9000,held,0.064231,0.256276,0.949920,0.099429,0.256777,0.939211,0.000,0.000,0.0127,0.0983
667.9000,held,0.068551,0.257936,0.947143,0.103743,0.258174,0.936404,0.000,0.000,0.0131,0.0900
667.9000,held,0.072938,0.259544,0.944305,0.108121,0.259520,0.933534,0.000,0.000,0.0128,0.0975
667.9000,held,0.077400,0.261100,0.941404,0.112571,0.260811,0.930600,0.000,0.000,0.0131,0.0896
667.9000,held,0.081923,0.262597,0.938443,0.117081,0.262044,0.927604,0.000,0.000,0.0127,0.0953
667.9000,held,0.086515,0.264034,0.935419,0.121657,0.263215,0.924544,0.000,0.000,0.0131,0.0891
668.0000,held,0.091164,0.265407,0.932336,0.126286,0.264322,0.921422,0.000,0.000,0.0127,0.0946
668.0000,held,0.095876,0.266713,0.929193,0.130976,0.265361,0.918238,0.000,0.000,0.0132,0.0887
668.0000,held,0.100638,0.267949,0.925991,0.135714,0.266331,0.914993,0.000,0.000,0.0128,0.0937
668.0000,held,0.105458,0.269112,0.922729,0.140506,0.267227,0.911687,0.000,0.000,0.0132,0.0881
668.0000,held,0.110321,0.270198,0.919411,0.145339,0.268048,0.908322,0.000,0.000,0.0129,0.0924
668.0000,held,0.115236,0.271207,0.916036,0.150221,0.268791,0.904898,0.000,0.000,0.0133,0.0873
668.0000,held,0.120187,0.272135,0.912605,0.155137,0.269454,0.901415,0.000,0.000,0.0129,0.0912
668.0000,held,0.125183,0.272980,0.909118,0.160094,0.270034,0.897875,0.000,0.000,0.0133,0.0865
668.0000,held,0.130209,0.273739,0.905578,0.165079,0.270529,0.894279,0.000,0.000,0.0129,0.0899
668.0000,held,0.135272,0.274411,0.901985,0.170097,0.270939,0.890627,0.000,0.000,0.0133,0.0857
668.1000,held,0.140358,0.274994,0.898340,0.175136,0.271261,0.886922,0.000,0.000,0.0130,0.0886
668.1000,held,0.145473,0.275486,0.894644,0.180202,0.271492,0.883162,0.000,0.000,0.0133,0.0848
668.1000,held,0.150604,0.275886,0.890899,0.185280,0.271634,0.879351,0.000,0.000,0.0130,0.0872
668.1000,held,0.155757,0.276193,0.887105,0.190377,0.271683,0.875488,0.000,0.000,0.0133,0.0835
668.1000,held,0.160917,0.276405,0.883265,0.195480,0.271640,0.871577,0.000,0.000,0.0130,0.0872
668.1000,held,0.166093,0.276521,0.879379,0.200594,0.271502,0.867617,0.000,0.000,0.0133,0.0824
668.1000,held,0.171270,0.276541,0.875449,0.205707,0.271270,0.863610,0.000,0.000,0.0133,0.0823
668.1000,held,0.176447,0.276463,0.871477,0.210817,0.270944,0.859558,0.000,0.000,0.0129,0.0848
668.1000,held,0.181626,0.276289,0.867463,0.215927,0.270521,0.855462,0.000,0.000,0.0133,0.0809
668.1000,held,0.186795,0.276016,0.863410,0.221025,0.270004,0.851324,0.000,0.000,0.0133,0.0807
668.2000,held,0.191953,0.275646,0.859320,0.226108,0.269391,0.847146,0.000,0.000,0.0130,0.0825
668.2000,held,0.197101,0.275179,0.855192,0.231178,0.268683,0.842928,0.000,0.000,0.0132,0.0792
668.2000,held,0.202228,0.274614,0.851031,0.236225,0.267880,0.838673,0.000,0.000,0.0133,0.0790
668.2000,held,0.207335,0.273952,0.846837,0.241249,0.266983,0.834382,0.000,0.000,0.0132,0.0781
668.2000,held,0.212413,0.273194,0.842613,0.246242,0.265993,0.830059,0.000,0.000,0.0129,0.0800
668.2000,held,0.217466,0.272342,0.838359,0.251207,0.264911,0.825703,0.000,0.000,0.0132,0.0772
668.2000,held,0.222484,0.271394,0.834078,0.256135,0.263737,0.821317,0.000,0.000,0.0132,0.0761
668.2000,held,0.227466,0.270354,0.829772,0.261025,0.262473,0.816904,0.000,0.000,0.0131,0.0754
668.2000,held,0.232408,0.269222,0.825444,0.265871,0.261120,0.812465,0.000,0.000,0.0131,0.0748
668.2000,held,0.237306,0.268001,0.821094,0.270672,0.259681,0.808002,0.000,0.000,0.0131,0.0742
668.3000,held,0.242158,0.266690,0.816725,0.275423,0.258156,0.803518,0.000,0.000,0.0131,0.0735
668.3000,held,0.246959,0.265293,0.812340,0.280123,0.256548,0.799014,0.000,0.000,0.0130,0.0731
668.3000,held,0.251707,0.263812,0.807939,0.284767,0.254859,0.794493,0.000,0.000,0.0130,0.0722
668.3000,held,0.256399,0.262248,0.803527,0.289352,0.253090,0.789957,0.000,0.000,0.0129,0.0716
668.3000,held,0.261032,0.260603,0.799103,0.293876,0.251245,0.785408,0.000,0.000,0.0129,0.0709
668.3000,held,0.265603,0.258881,0.794672,0.298336,0.249325,0.780849,0.000,0.000,0.0129,0.0702
668.3000,held,0.270109,0.257084,0.790235,0.302729,0.247333,0.776281,0.000,0.000,0.0128,0.0695
668.3000,held,0.274547,0.255214,0.785794,0.307053,0.245273,0.771708,0.000,0.000,0.0128,0.0688
668.3000,held,0.278916,0.253274,0.781351,0.311305,0.243146,0.767131,0.000,0.000,0.0128,0.0680
668.3000,held,0.283212,0.251267,0.776910,0.315483,0.240956,0.762553,0.000,0.000,0.0128,0.0673
668.4000,held,0.287435,0.249196,0.772472,0.319585,0.238705,0.757976,0.000,0.000,0.0127,0.0665
668.4000,held,0.291580,0.247064,0.768039,0.323610,0.236397,0.753403,0.000,0.000,0.0127,0.0658
668.4000,held,0.295648,0.244874,0.763615,0.327554,0.234035,0.748837,0.000,0.000,0.0127,0.0650
668.4000,held,0.299635,0.242629,0.759201,0.331416,0.231622,0.744279,0.000,0.000,0.0127,0.0643
668.4000,held,0.303544,0.240334,0.754798,0.335198,0.229162,0.739731,0.000,0.000,0.0133,0.0663
668.4000,held,0.307363,0.237990,0.750412,0.338891,0.226657,0.735199,0.000,0.000,0.0126,0.0628
668.4000,held,0.311101,0.235602,0.746043,0.342500,0.224112,0.730682,0.000,0.000,0.0125,0.0620
668.4000,held,0.314756,0.233173,0.741693,0.346025,0.221530,0.726182,0.000,0.000,0.0132,0.0641
668.4000,held,0.318320,0.230707,0.737367,0.349457,0.218914,0.721707,0.000,0.000,0.0125,0.0607
668.4000,held,0.321800,0.228206,0.733064,0.352805,0.216268,0.717252,0.000,0.000,0.0131,0.0626
668.5000,held,0.325186,0.225676,0.728790,0.356059,0.213596,0.712827,0.000,0.000,0.0124,0.0588
668.5000,held,0.328487,0.223119,0.724544,0.359226,0.210901,0.708429,0.000,0.000,0.0124,0.0584
668.5000,held,0.331698,0.220538,0.720330,0.362303,0.208187,0.704063,0.000,0.000,0.0124,0.0577
668.5000,held,0.334821,0.217938,0.716149,0.365292,0.205457,0.699729,0.000,0.000,0.0129,0.0593
668.5000,held,0.337850,0.215323,0.712007,0.368186,0.202715,0.695434,0.000,0.000,0.0123,0.0563
668.5000,held,0.340794,0.212696,0.707902,0.370994,0.199965,0.691176,0.000,0.000,0.0129,0.0580
668.5000,held,0.343643,0.210060,0.703841,0.373707,0.197211,0.686962,0.000,0.000,0.0122,0.0548
668.5000,held,0.346407,0.207419,0.699821,0.376336,0.194455,0.682789,0.000,0.000,0.0129,0.0567
668.5000,held,0.349076,0.204777,0.695849,0.378870,0.191703,0.678666,0.000,0.000,0.0122,0.0534
668.5000,held,0.351660,0.202138,0.691925,0.381318,0.188956,0.674590,0.000,0.000,0.0121,0.0527
668.6000,held,0.354158,0.199504,0.688050,0.383681,0.186219,0.670565,0.000,0.000,0.0127,0.0547
668.6000,held,0.356565,0.196880,0.684230,0.385954,0.183495,0.666595,0.000,0.000,0.0128,0.0540
668.6000,held,0.358884,0.194269,0.680466,0.388139,0.180788,0.662682,0.000,0.000,0.0120,0.0505
668.6000,held,0.361121,0.191674,0.676757,0.390244,0.178101,0.658826,0.000,0.000,0.0127,0.0529
668.6000,held,0.363272,0.189099,0.673109,0.392262,0.175437,0.655033,0.000,0.000,0.0127,0.0522
668.6000,held,0.365338,0.186548,0.669524,0.394197,0.172800,0.651303,0.000,0.000,0.0125,0.0511
668.6000,held,0.367322,0.184022,0.666003,0.396051,0.170193,0.647639,0.000,0.000,0.0125,0.0505
668.6000,held,0.369225,0.181527,0.662549,0.397826,0.167620,0.644044,0.000,0.000,0.0124,0.0500
668.6000,held,0.371047,0.179064,0.659164,0.399521,0.165082,0.640520,0.000,0.000,0.0124,0.0494
668.6000,held,0.372792,0.176638,0.655849,0.401140,0.162584,0.637069,0.000,0.000,0.0124,0.0489
668.7000,held,0.374459,0.174250,0.652608,0.402684,0.160128,0.633693,0.000,0.000,0.0124,0.0484
668.7000,held,0.376051,0.171905,0.649442,0.404154,0.157717,0.630395,0.000,0.000,0.0124,0.0479
668.7000,held,0.377569,0.169604,0.646354,0.405552,0.155355,0.627178,0.000,0.000,0.0124,0.0474
668.7000,held,0.379014,0.167352,0.643345,0.406881,0.153043,0.624042,0.000,0.000,0.0124,0.0469
668.7000,held,0.380389,0.165150,0.640418,0.408140,0.150785,0.620991,0.000,0.000,0.0123,0.0464
668.7000,held,0.381695,0.163001,0.637574,0.409334,0.148584,0.618027,0.000,0.000,0.0123,0.0460
668.7000,held,0.382933,0.160909,0.634817,0.410462,0.146441,0.615152,0.000,0.000,0.0123,0.0455
668.7000,held,0.384106,0.158875,0.632147,0.411528,0.144360,0.612368,0.000,0.000,0.0123,0.0451
668.7000,held,0.385215,0.156903,0.629567,0.412533,0.142343,0.609677,0.000,0.000,0.0123,0.0447
668.7000,held,0.386261,0.154995,0.627079,0.413478,0.140393,0.607082,0.000,0.000,0.0123,0.0443
668.8000,held,0.387247,0.153152,0.624684,0.414367,0.138511,0.604584,0.000,0.000,0.0123,0.0439
668.8000,held,0.388174,0.151378,0.622386,0.415199,0.136700,0.602186,0.000,0.000,0.0123,0.0435
668.8000,held,0.389044,0.149675,0.620185,0.415978,0.134962,0.599890,0.000,0.000,0.0122,0.0432
668.8000,held,0.389857,0.148046,0.618084,0.416705,0.133300,0.597697,0.000,0.000,0.0122,0.0429
668.8000,held,0.390617,0.146491,0.616085,0.417382,0.131715,0.595610,0.000,0.000,0.0122,0.0425
668.8000,held,0.391324,0.145014,0.614189,0.418009,0.130210,0.593632,0.000,0.000,0.0122,0.0422
668.8000,held,0.391980,0.143616,0.612399,0.418590,0.128786,0.591763,0.000,0.000,0.0122,0.0420
668.8000,held,0.392586,0.142299,0.610716,0.419125,0.127446,0.590006,0.000,0.000,0.0122,0.0417
668.8000,held,0.393143,0.141066,0.609142,0.419616,0.126191,0.588363,0.000,0.000,0.0122,0.0415
668.8000,held,0.393653,0.139918,0.607679,0.420064,0.125024,0.586835,0.000,0.000,0.0122,0.0412
668.9000,held,0.394117,0.138858,0.606330,0.420470,0.123945,0.585426,0.000,0.000,0.0122,0.0410
668.9000,held,0.394535,0.137887,0.605095,0.420836,0.122958,0.584137,0.000,0.000,0.0122,0.0408
668.9000,held,0.394909,0.137006,0.603977,0.421162,0.122062,0.582969,0.000,0.000,0.0122,0.0407
668.9000,held,0.395240,0.136218,0.602977,0.421450,0.121262,0.581925,0.000,0.000,0.0122,0.0405
668.9000,held,0.395528,0.135524,0.602098,0.421700,0.120557,0.581006,0.000,0.000,0.0122,0.0404
668.9000,held,0.395774,0.134926,0.601340,0.421914,0.119949,0.580215,0.000,0.000,0.0122,0.0402
668.9000,held,0.395978,0.134426,0.600707,0.422090,0.119441,0.579554,0.000,0.000,0.0122,0.0401
668.9000,held,0.396140,0.134025,0.600199,0.422231,0.119034,0.579024,0.000,0.000,0.0121,0.0401
668.9000,held,0.396261,0.133724,0.599819,0.422335,0.118728,0.578627,0.000,0.000,0.0121,0.0400
668.9000,held,0.396341,0.133525,0.599569,0.422404,0.118526,0.578365,0.000,0.000,0.0121,0.0400
669.0000,held,0.396385,0.133413,0.599449,0.422442,0.118412,0.578240,0.000,0.000,0.0121,0.0399
669.0000,held,0.396385,0.133413,0.599439,0.422442,0.118413,0.578229,0.000,0.000,0.0121,0.0399
669.0000,held,0.396385,0.133413,0.599439,0.422442,0.118413,0.578229,0.000,0.000,0.0121,0.0399
669.0000,held,0.396385,0.133413,0.599439,0.422442,0.118413,0.578229,0.000,0.000,0.0121,0.0399
669.0000,held,0.396385,0.133413,0.599439,0.422442,0.118413,0.578229,0.000,0.000,0.0121,0.0399
669.0000,held,0.396385,0.133413,0.599439,0.422442,0.118413,0.578229,0.000,0.000,0.0121,0.0399
669.0000,held,0.396385,0.133413,0.599439,0.422442,0.118413,0.578229,0.000,0.000,0.0121,0.0399
669.0000,held,0.396385,0.133413,0.599439,0.422442,0.118413,0.578229,0.000,0.000,0.0121,0.0399
669.0000,held,0.396385,0.133413,0.599439,0.422442,0.118413,0.578229,0.000,0.000,0.0121,0.0399
669.0000,held,0.396385,0.133413,0.599439,0.422442,0.118413,0.578229,0.000,0.000,0.0121,0.0399
669.1000,held,0.396385,0.133413,0.599439,0.422442,0.118413,0.578229,0.000,0.000,0.0121,0.0399
669.1000,held,0.396385,0.133413,0.599439,0.422442,0.118413,0.578229,0.000,0.000,0.0121,0.0399
669.1000,held,0.396385,0.133413,0.599439,0.422442,0.118413,0.578229,0.000,0.000,0.0121,0.0399
669.1000,held,0.396385,0.133413,0.599439,0.422442,0.118413,0.578229,0.000,0.000,0.0121,0.0399
669.1000,held,0.396385,0.133413,0.599439,0.422442,0.118413,0.578229,0.000,0.000,0.0121,0.0399
669.1000,held,0.396385,0.133413,0.599439,0.422442,0.118413,0.578229,0.000,0.000,0.0121,0.0399
669.1000,held,0.396385,0.133413,0.599439,0.422442,0.118413,0.578229,0.000,0.000,0.0121,0.0399
669.1000,held,0.396385,0.133413,0.599439,0.422442,0.118413,0.578229,0.000,0.000,0.0121,0.0399
669.1000,held,0.396385,0.133413,0.599439,0.422442,0.118413,0.578229,0.000,0.000,0.0121,0.0399
669.1000,held,0.396385,0.133413,0.599439,0.422442,0.118413,0.578229,0.000,0.000,0.0121,0.0399
669.2000,released,0.396385,0.133413,0.599439,0.422442,0.118413,0.578229,0.000,0.000,0.0121,0.0399
669.2000,released,0.396385,0.133414,0.599439,0.422427,0.118424,0.577701,0.529,0.020,0.0980,0.0309
669.2000,released,0.396385,0.133414,0.599439,0.422419,0.118406,0.576182,2.048,0.037,0.1960,0.0309
669.2000,released,0.396385,0.133414,0.599439,0.422412,0.118388,0.573683,4.547,0.055,0.2940,0.0309
669.2000,released,0.396385,0.133414,0.599439,0.422405,0.118370,0.570204,8.026,0.072,0.3920,0.0309
669.2000,released,0.396385,0.133414,0.599439,0.422398,0.118352,0.565745,12.485,0.090,0.4900,0.0309
669.2000,released,0.396385,0.133414,0.599439,0.422391,0.118334,0.560306,17.924,0.108,0.5880,0.0309
669.2000,released,0.396385,0.133414,0.599439,0.422383,0.118317,0.553886,24.344,0.125,0.6860,0.0309
669.2000,released,0.396385,0.133414,0.599439,0.422376,0.118299,0.546487,31.743,0.143,0.7840,0.0309
669.2000,released,0.396385,0.133414,0.599439,0.422369,0.118281,0.538108,40.122,0.161,0.8820,0.0309
669.3000,released,0.396385,0.133414,0.599439,0.422362,0.118263,0.528749,49.481,0.178,0.9800,0.0309
669.3000,released,0.396385,0.133414,0.599439,0.422355,0.118245,0.518410,59.820,0.196,1.0780,0.0309
669.3000,released,0.396385,0.133414,0.599439,0.422348,0.118227,0.507091,71.139,0.214,1.1760,0.0309
669.3000,released,0.396385,0.133414,0.599439,0.422340,0.118209,0.494792,83.438,0.231,1.2740,0.0309
669.3000,released,0.396385,0.133414,0.599439,0.422333,0.118191,0.481513,96.717,0.249,1.3720,0.0309
669.3000,released,0.396385,0.133414,0.599439,0.422326,0.118173,0.467254,110.976,0.267,1.4700,0.0309
669.3000,released,0.396385,0.133414,0.599439,0.428303,0.116304,0.463500,114.899,11.423,0.6598,20.5553
669.3000,released,0.396385,0.133414,0.599439,0.432285,0.117223,0.463478,115.179,18.644,0.3279,9.5489
669.3000,released,0.396385,0.133414,0.599439,0.434434,0.118910,0.464876,113.987,22.817,0.2914,8.8470
669.3000,released,0.396385,0.133414,0.599439,0.436356,0.120735,0.465678,113.432,26.803,0.2678,8.4225
669.4000,released,0.396385,0.133414,0.599439,0.437872,0.121631,0.467090,112.252,30.034,0.2039,5.6432
669.4000,released,0.396385,0.133414,0.599439,0.439333,0.122256,0.467957,111.625,33.006,0.1654,4.9221
669.4000,released,0.396385,0.133414,0.599439,0.440728,0.122525,0.468412,111.406,35.683,0.1402,4.5157
669.4000,released,0.396385,0.133414,0.599439,0.441857,0.122770,0.468834,111.190,37.711,0.1105,3.0966
669.4000,released,0.396385,0.133414,0.599439,0.442682,0.123175,0.469126,111.067,39.235,0.0847,2.4172
669.4000,released,0.396385,0.133414,0.599439,0.443319,0.123400,0.469353,110.972,40.385,0.0613,1.6905
669.4000,released,0.396385,0.133414,0.599439,0.443750,0.123559,0.469492,110.925,41.159,0.0383,1.1351
669.4000,released,0.396385,0.133414,0.599439,0.443980,0.123642,0.469577,110.890,41.570,0.0160,0.4564
669.4000,released,0.396385,0.133414,0.599439,0.444017,0.123657,0.469590,110.885,41.636,0.0072,0.2088
669.4000,released,0.396385,0.133414,0.599439,0.443861,0.123599,0.469529,110.912,41.358,0.0294,0.7166
669.5000,released,0.396385,0.133414,0.599439,0.443505,0.123470,0.469417,110.948,40.720,0.0497,1.4001
669.5000,released,0.396385,0.133414,0.599439,0.442952,0.123267,0.469211,111.037,39.725,0.0742,1.9990
669.5000,released,0.396385,0.133414,0.599439,0.442185,0.122987,0.468927,111.165,38.339,0.0977,2.7559
669.5000,released,0.396385,0.133414,0.599439,0.441204,0.122629,0.468519,111.383,36.547,0.1241,3.5334
669.5000,released,0.396385,0.133414,0.599439,0.439999,0.122188,0.467957,111.725,34.319,0.1545,4.2491
669.5000,released,0.396385,0.133414,0.599439,0.438556,0.121661,0.467214,112.226,31.606,0.1863,5.1509
669.5000,released,0.396385,0.133414,0.599439,0.436873,0.121046,0.466233,112.953,28.366,0.2208,6.2065
669.5000,released,0.396385,0.133414,0.599439,0.434955,0.120346,0.464937,113.997,24.560,0.2586,7.4524
669.5000,released,0.396385,0.133414,0.599439,0.432819,0.119565,0.463243,115.459,20.157,0.3046,8.4751
669.5000,released,0.396385,0.133414,0.599439,0.430497,0.118717,0.461059,117.447,15.153,0.3529,9.8618
669.6000,released,0.396385,0.133414,0.599439,0.429829,0.118473,0.461238,117.225,13.686,0.0512,1.2598
669.6000,released,0.396385,0.133414,0.599439,0.429686,0.118420,0.461385,117.069,13.377,0.0035,0.1360
669.6000,released,0.396385,0.133414,0.599439,0.429886,0.118494,0.461180,117.286,13.807,0.0520,1.5469
669.6000,released,0.396385,0.133414,0.599439,0.430283,0.118639,0.460836,117.655,14.679,0.0152,0.4257
669.6000,released,0.396385,0.133414,0.599439,0.430244,0.118624,0.460805,117.683,14.592,0.0008,0.0263
669.6000,released,0.396385,0.133414,0.599439,0.430249,0.118626,0.460800,117.689,14.603,0.0074,0.0840
669.6000,released,0.396385,0.133414,0.599439,0.430249,0.118626,0.460800,117.689,14.603,0.0026,0.0734
669.6000,released,0.396385,0.133414,0.599439,0.430249,0.118626,0.460800,117.689,14.603,0.0082,0.0734
669.6000,released,0.396385,0.133414,0.599439,0.430249,0.118626,0.460800,117.689,14.603,0.0026,0.0734
669.6000,released,0.396385,0.133414,0.599439,0.430249,0.118626,0.460800,117.689,14.603,0.0082,0.0734
669.7000,released,0.396385,0.133414,0.599439,0.430249,0.118626,0.460800,117.689,14.603,0.0026,0.0734
669.7000,released,0.396385,0.133414,0.599439,0.430249,0.118626,0.460800,117.689,14.603,0.0082,0.0734
669.7000,released,0.396385,0.133414,0.599439,0.430251,0.118622,0.460796,117.693,14.608,0.0059,0.1772
669.7000,released,0.396385,0.133414,0.599439,0.430249,0.118626,0.460800,117.689,14.603,0.0083,0.0792
669.7000,released,0.396385,0.133414,0.599439,0.430249,0.118626,0.460800,117.689,14.603,0.0026,0.0731
669.7000,released,0.396385,0.133414,0.599439,0.430249,0.118626,0.460800,117.689,14.603,0.0081,0.0692
669.7000,released,0.396385,0.133414,0.599439,0.430249,0.118626,0.460800,117.689,14.603,0.0026,0.0681
669.7000,released,0.396385,0.133414,0.599439,0.430249,0.118626,0.460800,117.689,14.603,0.0080,0.0674
669.7000,released,0.396385,0.133414,0.599439,0.430249,0.118626,0.460800,117.689,14.603,0.0026,0.0672
669.7000,released,0.396385,0.133414,0.599439,0.430249,0.118626,0.460800,117.689,14.603,0.0080,0.0671
669.8000,released,0.396385,0.133414,0.599439,0.430249,0.118626,0.460800,117.689,14.603,0.0026,0.0671
669.8000,released,0.396385,0.133414,0.599439,0.430249,0.118626,0.460800,117.689,14.603,0.0080,0.0670
669.8000,released,0.396385,0.133414,0.599439,0.430249,0.118626,0.460800,117.689,14.603,0.0026,0.0670
669.8000,released,0.396385,0.133414,0.599439,0.430249,0.118626,0.460800,117.689,14.603,0.0080,0.0670
669.8000,released,0.396385,0.133414,0.599439,0.430249,0.118626,0.460800,117.689,14.603,0.0026,0.0670
669.8000,released,0.396385,0.133414,0.599439,0.430249,0.118626,0.460800,117.689,14.603,0.0080,0.0670
669.8000,released,0.396385,0.133414,0.599439,0.430249,0.118626,0.460800,117.689,14.603,0.0026,0.0670
669.8000,released,0.396385,0.133414,0.599439,0.430249,0.118626,0.460800,117.689,14.603,0.0080,0.0670
669.8000,released,0.396385,0.133414,0.599439,0.430249,0.118626,0.460800,117.689,14.603,0.0026,0.0670
669.8000,released,0.396385,0.133414,0.599439,0.430249,0.118626,0.460800,117.689,14.603,0.0080,0.0670
669.9000,released,0.396385,0.133414,0.599439,0.430249,0.118626,0.460800,117.689,14.603,0.0026,0.0670
669.9000,released,0.396385,0.133414,0.599439,0.430249,0.118626,0.460800,117.689,14.603,0.0080,0.0670
669.9000,released,0.396385,0.133414,0.599439,0.430249,0.118626,0.460800,117.689,14.603,0.0026,0.0670
669.9000,released,0.396385,0.133414,0.599439,0.430249,0.118626,0.460800,117.689,14.603,0.0080,0.0670
669.9000,released,0.396385,0.133414,0.599439,0.430249,0.118626,0.460800,117.689,14.603,0.0026,0.0670
669.9000,released,0.396385,0.133414,0.599439,0.430249,0.118626,0.460800,117.689,14.603,0.0080,0.0670
669.9000,released,0.396385,0.133414,0.599439,0.430249,0.118626,0.460800,117.689,14.603,0.0026,0.0670
669.9000,released,0.396385,0.133414,0.599439,0.430249,0.118626,0.460800,117.689,14.603,0.0080,0.0670
669.9000,released,0.396385,0.133414,0.599439,0.430249,0.118626,0.460800,117.689,14.603,0.0026,0.0670
669.9000,released,0.396385,0.133414,0.599439,0.430249,0.118626,0.460800,117.689,14.603,0.0080,0.0670
670.0000,released,0.396385,0.133414,0.599439,0.430249,0.118626,0.460800,117.689,14.603,0.0026,0.0670
670.0000,released,0.396385,0.133414,0.599439,0.430249,0.118626,0.460800,117.689,14.603,0.0080,0.0670
670.0000,released,0.396385,0.133414,0.599439,0.430249,0.118626,0.460800,117.689,14.603,0.0026,0.0670
670.0000,released,0.396385,0.133414,0.599439,0.430249,0.118626,0.460800,117.689,14.603,0.0080,0.0670
670.0000,released,0.396385,0.133414,0.599439,0.430249,0.118626,0.460800,117.689,14.603,0.0026,0.0670
670.0000,released,0.396385,0.133414,0.599439,0.430249,0.118626,0.460800,117.689,14.603,0.0080,0.0670
670.0000,released,0.396385,0.133414,0.599439,0.430249,0.118626,0.460800,117.689,14.603,0.0026,0.0670
670.0000,released,0.396385,0.133414,0.599439,0.430249,0.118626,0.460800,117.689,14.603,0.0080,0.0670
670.0000,released,0.396385,0.133414,0.599439,0.430249,0.118626,0.460800,117.689,14.603,0.0026,0.0670
670.0000,released,0.396385,0.133414,0.599439,0.430249,0.118626,0.460800,117.689,14.603,0.0080,0.0670
670.1000,released,0.396385,0.133414,0.599439,0.430249,0.118626,0.460800,117.689,14.603,0.0026,0.0670
670.1000,released,0.396385,0.133414,0.599439,0.430249,0.118626,0.460800,117.689,14.603,0.0080,0.0670
670.1000,released,0.396385,0.133414,0.599439,0.430249,0.118626,0.460800,117.689,14.603,0.0026,0.0670
670.1000,released,0.396385,0.133414,0.599439,0.430249,0.118626,0.460800,117.689,14.603,0.0080,0.0670
670.1000,released,0.396385,0.133414,0.599439,0.430249,0.118626,0.460800,117.689,14.603,0.0026,0.0670
670.1000,released,0.396385,0.133414,0.599439,0.430249,0.118626,0.460800,117.689,14.603,0.0080,0.0670
670.1000,released,0.396385,0.133414,0.599439,0.430249,0.118626,0.460800,117.689,14.603,0.0026,0.0670
670.1000,released,0.396385,0.133414,0.599439,0.430249,0.118626,0.460800,117.689,14.603,0.0080,0.0670
670.1000,released,0.396385,0.133414,0.599439,0.430249,0.118626,0.460800,117.689,14.603,0.0026,0.0670
670.1000,released,0.396385,0.133414,0.599439,0.430249,0.118626,0.460800,117.689,14.603,0.0080,0.0670
