tag,run,samples_held,rate_hz,snap_mm,snap_deg,max_drift_mm,max_drift_deg,wrist_travel_m,box_travel_m,z_at_detach,z_after_1s,max_box_speed,nan
custom_fast075,1,270,103.5,0.032,0.003,0.093,0.072,0.744,0.749,0.5733,0.4608,1.364,False
custom_fast075,2,270,103.5,0.0,0.0,0.095,0.079,0.744,0.749,0.5733,0.4608,1.371,False
custom_main,1,420,102.2,0.0,0.0,0.094,0.073,0.744,0.749,0.5733,0.4608,1.374,False
custom_main,2,420,102.2,0.0,0.0,0.094,0.073,0.744,0.749,0.5733,0.4608,1.362,False
custom_main,3,420,102.2,0.027,0.003,0.093,0.071,0.744,0.749,0.5733,0.4608,1.374,False
custom_main,4,420,102.2,0.0,0.0,0.09,0.064,0.744,0.749,0.5733,0.4608,1.362,False
custom_main,5,420,102.2,0.027,0.003,0.093,0.071,0.744,0.749,0.5733,0.4608,1.362,False
custom_offset,1,420,102.2,0.0,0.0,0.122,0.146,0.744,0.748,0.5782,0.4608,1.46,False
custom_offset2,1,420,102.2,0.0,0.0,0.122,0.155,0.744,0.748,0.5782,0.4608,1.47,False
custom_poststress,1,430,102.1,0.0,0.0,0.092,0.067,0.744,0.749,0.5733,0.4608,1.371,False
custom_prestress,1,420,102.2,0.027,0.003,0.093,0.068,0.744,0.749,0.5733,0.4608,1.364,False
custom_reattach,1,430,102.1,0.031,0.005,0.092,0.071,0.744,0.749,0.5733,0.4608,1.374,False
ifra_main,1,420,102.2,0.024,0.009,0.149,0.181,0.744,0.749,0.5733,0.4608,1.364,False
ifra_main,2,420,102.2,0.0,0.001,0.131,0.151,0.744,0.749,0.5733,0.4608,1.371,False
ifra_main,3,420,102.2,0.024,0.006,0.156,0.187,0.744,0.749,0.5733,0.4608,1.364,False
ifra_main,4,430,102.1,0.0,0.0,0.118,0.133,0.744,0.749,0.5733,0.4608,1.364,False
ifra_main,5,430,102.1,0.025,0.054,0.041,0.048,0.744,0.749,0.5733,0.4608,1.364,False
ifra_offset,1,430,102.1,0.013,0.021,0.142,0.219,0.744,0.748,0.5782,0.4608,1.462,False
ifra_prestress,1,420,102.2,0.077,0.114,0.076,0.087,0.744,0.749,0.5733,0.4608,1.364,False
ifra_reattach,1,430,102.1,0.145,0.117,0.036,0.049,0.744,0.749,0.5733,0.4608,1.364,False
negative,1,420,102.2,0.0,0.0,749.115,71.562,0.744,0.0,0.4608,0.4608,0.0,False
